Date,rolling_rolling_fold_1_Cross_sectional_momentum_1M,rolling_rolling_fold_1_Cross_sectional_momentum_1M_w_asset_stop,rolling_rolling_fold_2_Cross_sectional_momentum_1M,rolling_rolling_fold_2_Cross_sectional_momentum_1M_w_asset_stop,rolling_rolling_fold_3_Cross_sectional_momentum_1M,rolling_rolling_fold_3_Cross_sectional_momentum_1M_w_asset_stop,rolling_rolling_fold_4_Cross_sectional_momentum_1M,rolling_rolling_fold_4_Cross_sectional_momentum_1M_w_asset_stop,rolling_rolling_fold_5_Cross_sectional_momentum_1M,rolling_rolling_fold_5_Cross_sectional_momentum_1M_w_asset_stop
2023-07-03,0.014952492483903273,0.014952492483903273,,,,,,,,
2023-07-04,0.00752108135541192,0.00752108135541192,,,,,,,,
2023-07-05,-0.00586411670325844,-0.00586411670325844,,,,,,,,
2023-07-06,-0.014963838541721394,-0.014963838541721394,,,,,,,,
2023-07-07,-0.005232040925862679,-0.005232040925862679,,,,,,,,
2023-07-10,-0.0015102195788302493,-0.0015102195788302493,,,,,,,,
2023-07-11,0.01443117898652271,0.01443117898652271,,,,,,,,
2023-07-12,0.0063676809947808355,0.0063676809947808355,,,,,,,,
2023-07-13,0.013525310012126491,0.013525310012126491,,,,,,,,
2023-07-14,0.013560825453111248,0.013560825453111248,,,,,,,,
2023-07-17,0.0035183319635822426,0.0035183319635822426,,,,,,,,
2023-07-18,0.0003840177107959495,0.0003840177107959495,,,,,,,,
2023-07-19,-0.007460493400313902,-0.007460493400313902,,,,,,,,
2023-07-20,0.001756128125605319,0.001756128125605319,,,,,,,,
2023-07-21,-0.009011378332661012,-0.009011378332661012,,,,,,,,
2023-07-24,0.005663533432177361,0.005663533432177361,,,,,,,,
2023-07-25,0.009585055011812633,0.009585055011812633,,,,,,,,
2023-07-26,-0.0009625255345298608,-0.0009625255345298608,,,,,,,,
2023-07-27,0.005401826363157405,0.005401826363157405,,,,,,,,
2023-07-28,0.002310770742874284,0.002310770742874284,,,,,,,,
2023-07-31,-0.006498884771322623,-0.006498884771322623,,,,,,,,
2023-08-01,0.0044159519223745235,0.0044159519223745235,,,,,,,,
2023-08-02,-0.022540288597706244,-0.022540288597706244,,,,,,,,
2023-08-03,0.0,0.0,,,,,,,,
2023-08-04,-0.001011914743215082,-0.001011914743215082,,,,,,,,
2023-08-07,0.012493281868807136,0.012493281868807136,,,,,,,,
2023-08-08,-0.005661233905198152,-0.005661233905198152,,,,,,,,
2023-08-09,-0.0027571153136207133,-0.0027571153136207133,,,,,,,,
2023-08-10,-0.01676019688922007,-0.01676019688922007,,,,,,,,
2023-08-11,0.0007930170072398739,0.0007930170072398739,,,,,,,,
2023-08-14,-0.011618828856569783,-0.011618828856569783,,,,,,,,
2023-08-15,0.010584707075986492,0.010584707075986492,,,,,,,,
2023-08-16,-0.0034800165265817832,-0.0034800165265817832,,,,,,,,
2023-08-17,0.0028159143524140685,0.0028159143524140685,,,,,,,,
2023-08-18,-0.011351990377878374,-0.011351990377878374,,,,,,,,
2023-08-21,-0.0006372864217799418,-0.0006372864217799418,,,,,,,,
2023-08-22,0.00825910117864729,0.00825910117864729,,,,,,,,
2023-08-23,0.00795737986749412,0.00795737986749412,,,,,,,,
2023-08-24,0.016242245984429225,0.016242245984429225,,,,,,,,
2023-08-25,-0.0251107980044981,-0.0251107980044981,,,,,,,,
2023-08-28,0.003758947967692332,0.003758947967692332,,,,,,,,
2023-08-29,0.00693873691651563,0.00693873691651563,,,,,,,,
2023-08-30,0.010424263131616809,0.010424263131616809,,,,,,,,
2023-08-31,-0.003541236415639201,-0.003541236415639201,,,,,,,,
2023-09-01,0.0011727294612346837,0.0011727294612346837,,,,,,,,
2023-09-04,0.006059669725152416,0.006059669725152416,,,,,,,,
2023-09-05,0.0012632912143113548,0.0012632912143113548,,,,,,,,
2023-09-06,0.001824369992672215,0.001824369992672215,,,,,,,,
2023-09-07,-0.008450087718882525,-0.008450087718882525,,,,,,,,
2023-09-08,-0.0024880493552903965,-0.0024880493552903965,,,,,,,,
2023-09-11,-0.006738287661284524,-0.006738287661284524,,,,,,,,
2023-09-12,0.008110835598194921,0.008110835598194921,,,,,,,,
2023-09-13,0.00015476422007049552,0.00015476422007049552,,,,,,,,
2023-09-14,0.012497557674471516,0.012497557674471516,,,,,,,,
2023-09-15,0.007394914037300765,0.007394914037300765,,,,,,,,
2023-09-18,-0.011351913662019694,-0.011351913662019694,,,,,,,,
2023-09-19,-0.0026745240651676093,-0.0026745240651676093,,,,,,,,
2023-09-20,-0.006477559026786423,-0.006477559026786423,,,,,,,,
2023-09-21,-0.015662225463306655,-0.015662225463306655,,,,,,,,
2023-09-22,-0.0007821936764372135,-0.0007821936764372135,,,,,,,,
2023-09-25,0.0074220010831335115,0.0074220010831335115,,,,,,,,
2023-09-26,-0.009478934112285585,-0.009478934112285585,,,,,,,,
2023-09-27,-0.0009632161329451183,-0.0009632161329451183,,,,,,,,
2023-09-28,0.007346483990994604,0.007346483990994604,,,,,,,,
2023-09-29,0.0,0.0,,,,,,,,
2023-10-02,0.011760803797883409,0.011760803797883409,,,,,,,,
2023-10-03,-0.007348183436859245,-0.007348183436859245,,,,,,,,
2023-10-04,-0.011060060770807276,-0.011060060770807276,,,,,,,,
2023-10-05,0.008262148918084165,0.008262148918084165,,,,,,,,
2023-10-06,0.00036097558575775326,0.00036097558575775326,,,,,,,,
2023-10-09,0.0,0.0,,,,,,,,
2023-10-10,0.0,0.0,,,,,,,,
2023-10-11,0.016215214861387443,0.016215214861387443,,,,,,,,
2023-10-12,0.00501953791143504,0.00501953791143504,,,,,,,,
2023-10-13,-0.0032241127537995925,-0.0032241127537995925,,,,,,,,
2023-10-16,-0.003905658136016792,-0.003905658136016792,,,,,,,,
2023-10-17,-0.00018843460196796069,-0.00018843460196796069,,,,,,,,
2023-10-18,-0.008994884714852667,-0.008994884714852667,,,,,,,,
2023-10-19,-0.003117232095306672,-0.003117232095306672,,,,,,,,
2023-10-20,-0.0031153426144462284,-0.0031153426144462284,,,,,,,,
2023-10-23,-0.012268963391959839,-0.012268963391959839,,,,,,,,
2023-10-24,0.003027242240190806,0.003027242240190806,,,,,,,,
2023-10-25,0.0019435302128265612,0.0019435302128265612,,,,,,,,
2023-10-26,-0.020419367327171967,-0.020419367327171967,,,,,,,,
2023-10-27,0.003238718467003461,0.003238718467003461,,,,,,,,
2023-10-30,-8.397697095327775e-05,-8.397697095327775e-05,,,,,,,,
2023-10-31,-0.008255704036554914,-0.008255704036554914,,,,,,,,
2023-11-01,0.004302549907736939,0.004302549907736939,,,,,,,,
2023-11-02,0.02063032783024701,0.02063032783024701,,,,,,,,
2023-11-03,0.00906230879752477,0.00906230879752477,,,,,,,,
2023-11-06,0.00948133280366453,0.00948133280366453,,,,,,,,
2023-11-07,-0.00022540946117157238,-0.00022540946117157238,,,,,,,,
2023-11-08,0.00428411616374621,0.00428411616374621,,,,,,,,
2023-11-09,-0.000541094262439321,-0.000541094262439321,,,,,,,,
2023-11-10,-0.00338182259155718,-0.00338182259155718,,,,,,,,
2023-11-13,0.012209670009932476,0.012209670009932476,,,,,,,,
2023-11-14,0.005787133551825158,0.005787133551825158,,,,,,,,
2023-11-15,0.011311661215436884,0.011311661215436884,,,,,,,,
2023-11-16,-0.0031588415695961015,-0.0031588415695961015,,,,,,,,
2023-11-17,-0.0002916824783303603,-0.0002916824783303603,,,,,,,,
2023-11-20,0.0012520917855057823,0.0012520917855057823,,,,,,,,
2023-11-21,0.012599208825424894,0.012599208825424894,,,,,,,,
2023-11-22,-0.006242739451196322,-0.006242739451196322,,,,,,,,
2023-11-23,0.0003513518885332168,0.0003513518885332168,,,,,,,,
2023-11-24,0.0005174052233570472,0.0005174052233570472,,,,,,,,
2023-11-27,-0.008210860603351394,-0.008210860603351394,,,,,,,,
2023-11-28,0.007399978574928903,0.007399978574928903,,,,,,,,
2023-11-29,0.0016803695309953997,0.0016803695309953997,,,,,,,,
2023-11-30,0.002198315668206343,0.002198315668206343,,,,,,,,
2023-12-01,0.0008567188316154048,0.0008567188316154048,,,,,,,,
2023-12-04,-0.0003340769258988527,-0.0003340769258988527,,,,,,,,
2023-12-05,-0.006696460310254897,-0.006696460310254897,,,,,,,,
2023-12-06,0.0074957406839856605,0.0074957406839856605,,,,,,,,
2023-12-07,-0.005649280496654269,-0.005649280496654269,,,,,,,,
2023-12-08,0.005436005194108438,0.005436005194108438,,,,,,,,
2023-12-11,0.002701407203053768,0.002701407203053768,,,,,,,,
2023-12-12,0.004093158993447284,0.004093158993447284,,,,,,,,
2023-12-13,0.005106856166178932,0.005106856166178932,,,,,,,,
2023-12-14,0.012930648968089495,0.012930648968089495,,,,,,,,
2023-12-15,4.1018735252076866e-05,4.1018735252076866e-05,,,,,,,,
2023-12-18,0.0007249265997118483,0.0007249265997118483,,,,,,,,
2023-12-19,-0.0034942686734611003,-0.0034942686734611003,,,,,,,,
2023-12-20,0.007192833062058398,0.007192833062058398,,,,,,,,
2023-12-21,-0.009531328397152795,-0.009531328397152795,,,,,,,,
2023-12-22,0.0023392677208518608,0.0023392677208518608,,,,,,,,
2023-12-25,0.003979432330456253,0.003979432330456253,,,,,,,,
2023-12-26,0.005206138593996742,0.005206138593996742,,,,,,,,
2023-12-27,0.007691647486846221,0.007691647486846221,,,,,,,,
2023-12-28,-0.0009847583877475008,-0.0009847583877475008,,,,,,,,
2023-12-29,0.0006176135656115873,0.0006176135656115873,,,,,,,,
2024-01-02,,,-0.005453185823766679,-0.005453185823766679,,,,,,
2024-01-03,,,-0.014978768898193634,-0.014978768898193634,,,,,,
2024-01-04,,,-0.0028317678181461765,-0.0028317678181461765,,,,,,
2024-01-05,,,-0.0024975637335276166,-0.0024975637335276166,,,,,,
2024-01-08,,,0.004173357764096434,0.004173357764096434,,,,,,
2024-01-09,,,0.003545404732541767,0.003545404732541767,,,,,,
2024-01-10,,,-0.0037091663236821057,-0.0037091663236821057,,,,,,
2024-01-11,,,0.006722897875582838,0.006722897875582838,,,,,,
2024-01-12,,,-0.0021960960268475266,-0.0021960960268475266,,,,,,
2024-01-15,,,0.0007823505602930087,0.0007823505602930087,,,,,,
2024-01-16,,,-0.004429646836133185,-0.004429646836133185,,,,,,
2024-01-17,,,-0.009973721136224308,-0.009973721136224308,,,,,,
2024-01-18,,,0.001083358965734185,0.001083358965734185,,,,,,
2024-01-19,,,0.023556118601652357,0.023556118601652357,,,,,,
2024-01-22,,,0.011357449231142689,0.011357449231142689,,,,,,
2024-01-23,,,0.0021555290694308905,0.0021555290694308905,,,,,,
2024-01-24,,,0.0039053485655213055,0.0039053485655213055,,,,,,
2024-01-25,,,0.0055200208334084035,0.0055200208334084035,,,,,,
2024-01-26,,,-0.0018914374248620689,-0.0018914374248620689,,,,,,
2024-01-29,,,0.0055444775591640275,0.0055444775591640275,,,,,,
2024-01-30,,,0.0025331284385640826,0.0025331284385640826,,,,,,
2024-01-31,,,-0.010694500965008902,-0.010694500965008902,,,,,,
2024-02-01,,,-0.003511434468922615,-0.003511434468922615,,,,,,
2024-02-02,,,0.008218092924361793,0.008218092924361793,,,,,,
2024-02-05,,,0.004836464524751932,0.004836464524751932,,,,,,
2024-02-06,,,0.0,0.0,,,,,,
2024-02-07,,,0.0,0.0,,,,,,
2024-02-08,,,0.0,0.0,,,,,,
2024-02-09,,,0.0,0.0,,,,,,
2024-02-12,,,0.0,0.0,,,,,,
2024-02-13,,,0.0,0.0,,,,,,
2024-02-14,,,0.0,0.0,,,,,,
2024-02-15,,,0.03457584700354317,0.03457584700354317,,,,,,
2024-02-16,,,0.0008978743316801102,0.0008978743316801102,,,,,,
2024-02-19,,,-0.0009756394184072301,-0.0009756394184072301,,,,,,
2024-02-20,,,0.0037777155664834305,0.0037777155664834305,,,,,,
2024-02-21,,,-0.005195195318223835,-0.005195195318223835,,,,,,
2024-02-22,,,0.013259401914018795,0.013259401914018795,,,,,,
2024-02-23,,,0.007551313222760967,0.007551313222760967,,,,,,
2024-02-26,,,-0.0004550341616902375,-0.0004550341616902375,,,,,,
2024-02-27,,,-0.0018705564161859707,-0.0018705564161859707,,,,,,
2024-02-28,,,0.0,0.0,,,,,,
2024-02-29,,,0.0006402644039476161,0.0006402644039476161,,,,,,
2024-03-01,,,0.0012482143741212935,0.0012482143741212935,,,,,,
2024-03-04,,,0.02184845755467499,0.02184845755467499,,,,,,
2024-03-05,,,0.004166500466668725,0.004166500466668725,,,,,,
2024-03-06,,,0.003392093918170926,0.003392093918170926,,,,,,
2024-03-07,,,0.011896872073535235,0.011896872073535235,,,,,,
2024-03-08,,,0.0072044758314345515,0.0072044758314345515,,,,,,
2024-03-11,,,-0.007307618219858412,-0.007307618219858412,,,,,,
2024-03-12,,,0.011960034291718033,0.011960034291718033,,,,,,
2024-03-13,,,0.005151274899381558,0.005151274899381558,,,,,,
2024-03-14,,,-0.004197128883536925,-0.004197128883536925,,,,,,
2024-03-15,,,-0.004604939429602488,-0.004604939429602488,,,,,,
2024-03-18,,,0.0056265368686608955,0.0056265368686608955,,,,,,
2024-03-19,,,0.002701508208832304,0.002701508208832304,,,,,,
2024-03-20,,,-0.0013148993420387923,-0.0013148993420387923,,,,,,
2024-03-21,,,0.023082569409655525,0.023082569409655525,,,,,,
2024-03-22,,,0.00013734703168197466,0.00013734703168197466,,,,,,
2024-03-25,,,-0.0007092238405459985,-0.0007092238405459985,,,,,,
2024-03-26,,,-0.003138853944617753,-0.003138853944617753,,,,,,
2024-03-27,,,0.0037215747913103606,0.0037215747913103606,,,,,,
2024-03-28,,,-8.969039169420394e-05,-8.969039169420394e-05,,,,,,
2024-03-29,,,0.0012500256834192705,0.0012500256834192705,,,,,,
2024-04-01,,,-0.0011604035615407219,-0.0011604035615407219,,,,,,
2024-04-02,,,0.01201533855569248,0.01201533855569248,,,,,,
2024-04-03,,,-0.006885108472026648,-0.006885108472026648,,,,,,
2024-04-04,,,0.0,0.0,,,,,,
2024-04-05,,,0.0,0.0,,,,,,
2024-04-08,,,0.00613404575126018,0.00613404575126018,,,,,,
2024-04-09,,,0.01709268563292969,0.01709268563292969,,,,,,
2024-04-10,,,-0.0003382921886373202,-0.0003382921886373202,,,,,,
2024-04-11,,,-0.005539753760454859,-0.005539753760454859,,,,,,
2024-04-12,,,0.004214682075827587,0.004214682075827587,,,,,,
2024-04-15,,,-0.013489933854098017,-0.013489933854098017,,,,,,
2024-04-16,,,-0.03180557012114391,-0.03180557012114391,,,,,,
2024-04-17,,,0.012703504177117674,0.012703504177117674,,,,,,
2024-04-18,,,0.00391473112092636,0.00391473112092636,,,,,,
2024-04-19,,,-0.04200210234021017,-0.04200210234021017,,,,,,
2024-04-22,,,-0.005490889988820807,-0.005490889988820807,,,,,,
2024-04-23,,,0.008929048886593524,0.008929048886593524,,,,,,
2024-04-24,,,0.031451672025347474,0.031451672025347474,,,,,,
2024-04-25,,,-0.018102843660358893,-0.018102843660358893,,,,,,
2024-04-26,,,0.018956580572132346,0.018956580572132346,,,,,,
2024-04-29,,,0.016746322604676046,0.016746322604676046,,,,,,
2024-04-30,,,0.00015804168128676386,0.00015804168128676386,,,,,,
2024-05-01,,,-0.0004615384615384616,-0.0004615384615384616,,,,,,
2024-05-02,,,-0.012973201118217554,-0.012973201118217554,,,,,,
2024-05-03,,,0.004547910009646145,0.004547910009646145,,,,,,
2024-05-06,,,0.014036310496977724,0.014036310496977724,,,,,,
2024-05-07,,,0.006449954424816355,0.006449954424816355,,,,,,
2024-05-08,,,0.0032147373045126907,0.0032147373045126907,,,,,,
2024-05-09,,,-0.0016518438450121918,-0.0016518438450121918,,,,,,
2024-05-10,,,0.00513017461129118,0.00513017461129118,,,,,,
2024-05-13,,,0.006284230777819708,0.006284230777819708,,,,,,
2024-05-14,,,0.005669990810575705,0.005669990810575705,,,,,,
2024-05-15,,,0.011283292515243506,0.011283292515243506,,,,,,
2024-05-16,,,0.008353156031536755,0.008353156031536755,,,,,,
2024-05-17,,,-0.003254129501067963,-0.003254129501067963,,,,,,
2024-05-20,,,0.0006114302285782615,0.0006114302285782615,,,,,,
2024-05-21,,,-0.00042123367550169687,-0.00042123367550169687,,,,,,
2024-05-22,,,0.015161461546463164,0.015161461546463164,,,,,,
2024-05-23,,,0.003909428321234206,0.003909428321234206,,,,,,
2024-05-24,,,-0.0047185518124827,-0.0047185518124827,,,,,,
2024-05-27,,,0.013245536249346638,0.013245536249346638,,,,,,
2024-05-28,,,0.0034780933687059788,0.0034780933687059788,,,,,,
2024-05-29,,,-0.008709820419552126,-0.008709820419552126,,,,,,
2024-05-30,,,-0.016053958070315625,-0.016053958070315625,,,,,,
2024-05-31,,,-0.007033101525135058,-0.007033101525135058,,,,,,
2024-06-03,,,0.015025223400773067,0.015025223400773067,,,,,,
2024-06-04,,,-0.011412027790576955,-0.011412027790576955,,,,,,
2024-06-05,,,0.006503266920743725,0.006503266920743725,,,,,,
2024-06-06,,,0.02524429683363206,0.02524429683363206,,,,,,
2024-06-07,,,-0.004060305144516642,-0.004060305144516642,,,,,,
2024-06-10,,,0.0,0.0,,,,,,
2024-06-11,,,0.0021165727561546646,0.0021165727561546646,,,,,,
2024-06-12,,,0.013730342229714095,0.013730342229714095,,,,,,
2024-06-13,,,0.016758019921572838,0.016758019921572838,,,,,,
2024-06-14,,,0.007207128617317991,0.007207128617317991,,,,,,
2024-06-17,,,0.00026260537080002855,0.00026260537080002855,,,,,,
2024-06-18,,,0.015896657547897357,0.015896657547897357,,,,,,
2024-06-19,,,0.021270343283308277,0.021270343283308277,,,,,,
2024-06-20,,,0.009033351860411851,0.009033351860411851,,,,,,
2024-06-21,,,-0.008605013134380208,-0.008605013134380208,,,,,,
2024-06-24,,,-0.018653855798517457,-0.018653855798517457,,,,,,
2024-06-25,,,-0.0025639579115908084,-0.0025639579115908084,,,,,,
2024-06-26,,,0.008615294619948486,0.008615294619948486,,,,,,
2024-06-27,,,-0.0007869420256009745,-0.0007869420256009745,,,,,,
2024-06-28,,,0.010234985788913022,0.010234985788913022,,,,,,
2024-07-01,,,,,-0.0010464257919959778,-0.0010464257919959778,,,,
2024-07-02,,,,,-0.0042033585058319604,-0.0042033585058319604,,,,
2024-07-03,,,,,0.014835312242069161,0.014835312242069161,,,,
2024-07-04,,,,,0.018362272485745082,0.018362272485745082,,,,
2024-07-05,,,,,-0.0004896532663082576,-0.0004896532663082576,,,,
2024-07-08,,,,,0.02051609795832048,0.02051609795832048,,,,
2024-07-09,,,,,0.0006638837196710766,0.0006638837196710766,,,,
2024-07-10,,,,,0.002894544658837625,0.002894544658837625,,,,
2024-07-11,,,,,0.01694118464214473,0.01694118464214473,,,,
2024-07-12,,,,,-0.0282717201849246,-0.0282717201849246,,,,
2024-07-15,,,,,0.004672545985721754,0.004672545985721754,,,,
2024-07-16,,,,,0.004418579708788538,0.004418579708788538,,,,
2024-07-17,,,,,-0.01088873756094912,-0.01088873756094912,,,,
2024-07-18,,,,,-0.019921716174664275,-0.019921716174664275,,,,
2024-07-19,,,,,-0.017232493711247483,-0.017232493711247483,,,,
2024-07-22,,,,,-0.02573703302979719,-0.02573703302979719,,,,
2024-07-23,,,,,0.025016997655908993,0.025016997655908993,,,,
2024-07-24,,,,,0.0,0.0,,,,
2024-07-25,,,,,0.0,0.0,,,,
2024-07-26,,,,,-0.037676129042034524,-0.037676129042034524,,,,
2024-07-29,,,,,0.003976897612636352,0.003976897612636352,,,,
2024-07-30,,,,,0.0023951826281057935,0.0023951826281057935,,,,
2024-07-31,,,,,-0.0011610162832663782,-0.0011610162832663782,,,,
2024-08-01,,,,,0.02137976594438611,0.02137976594438611,,,,
2024-08-02,,,,,-0.04989779857316136,-0.04989779857316136,,,,
2024-08-05,,,,,-0.0950195330924106,-0.06507816716958952,,,,
2024-08-06,,,,,0.04761288919580627,0.0028817778711026226,,,,
2024-08-07,,,,,0.0341582784983766,0.0025525666902064433,,,,
2024-08-08,,,,,-0.021807347322496524,-0.003926678487186188,,,,
2024-08-09,,,,,0.028916804252013203,0.003965260339596339,,,,
2024-08-12,,,,,0.01580978287859431,0.0021496993117167303,,,,
2024-08-13,,,,,0.003077016604439649,0.0003058970303831698,,,,
2024-08-14,,,,,0.01424191517293026,0.003172569804566782,,,,
2024-08-15,,,,,-0.003894677909663178,0.00047560306278034045,,,,
2024-08-16,,,,,0.023520088150611712,0.0037251500300229307,,,,
2024-08-19,,,,,-0.0016270176303503701,-0.0016565718541282893,,,,
2024-08-20,,,,,0.003482221444440215,0.0015976977558247625,,,,
2024-08-21,,,,,-0.007432012848322188,-0.00023002827342281186,,,,
2024-08-22,,,,,-0.003985742349235082,0.00035778793220598594,,,,
2024-08-23,,,,,-0.0010449705249278192,-0.00048615060767765757,,,,
2024-08-26,,,,,0.0032222120843799712,0.00032078546396075737,,,,
2024-08-27,,,,,-0.004330216601296306,-0.00042130819557507383,,,,
2024-08-28,,,,,0.010044814093695066,0.0005445551428340758,,,,
2024-08-29,,,,,-0.011450922336602842,-0.002233432387383699,,,,
2024-08-30,,,,,0.005862045547696324,0.0015590442205856063,,,,
2024-09-02,,,,,-0.0029148392789524274,-0.0006679663567797406,,,,
2024-09-03,,,,,-0.0036318006916770808,-9.54062473312952e-05,,,,
2024-09-04,,,,,-0.046116073673250435,-0.0031928357695916176,,,,
2024-09-05,,,,,0.004733200517070508,-3.890475889413757e-05,,,,
2024-09-06,,,,,0.011478784360562532,0.0015417690743611161,,,,
2024-09-09,,,,,-0.015825836801673248,-0.0009829499811325661,,,,
2024-09-10,,,,,-8.123564620733973e-05,0.0003777758377221898,,,,
2024-09-11,,,,,-0.0008267434236064891,2.2708595105277096e-06,,,,
2024-09-12,,,,,0.03197098081574972,0.0007584469265152687,,,,
2024-09-13,,,,,0.006045139452206083,0.002293609032864771,,,,
2024-09-16,,,,,0.003284152910421911,0.0009432594943104171,,,,
2024-09-17,,,,,0.0,0.0,,,,
2024-09-18,,,,,-0.00836920756904414,-0.0006245503206110793,,,,
2024-09-19,,,,,0.014125787928818757,0.0009497072057400835,,,,
2024-09-20,,,,,0.010695440205037945,0.0011250173874323914,,,,
2024-09-23,,,,,0.006471961399466016,0.002061631617328137,,,,
2024-09-24,,,,,0.0069076300103327794,0.0010783362596673222,,,,
2024-09-25,,,,,0.014191114981130641,0.0010595365427699122,,,,
2024-09-26,,,,,0.007442150971033471,0.000392928925139817,,,,
2024-09-27,,,,,-0.001231956480915,3.123277245114649e-05,,,,
2024-09-30,,,,,-0.02489233231128464,-0.0008726340747359145,,,,
2024-10-01,,,,,0.00020060757474051419,-0.0013048895580654795,,,,
2024-10-02,,,,,0.0,0.0,,,,
2024-10-03,,,,,0.0,0.0,,,,
2024-10-04,,,,,0.01841954338521167,0.01875481150710365,,,,
2024-10-07,,,,,0.021959274068444324,0.006795586703294414,,,,
2024-10-08,,,,,-0.02001334300854237,-0.015806874079855926,,,,
2024-10-09,,,,,0.00024072865743656044,-0.005201777824944003,,,,
2024-10-10,,,,,0.0,0.0,,,,
2024-10-11,,,,,0.006024709023442662,-0.004818909519875651,,,,
2024-10-14,,,,,0.004879926206535085,0.0029161623416047787,,,,
2024-10-15,,,,,0.009313938629532833,-0.0030140942778592757,,,,
2024-10-16,,,,,-0.014461422819534997,-0.0037781901041847787,,,,
2024-10-17,,,,,0.004374316799816531,0.0018163701840598731,,,,
2024-10-18,,,,,0.01825899655433099,0.0029277893214090757,,,,
2024-10-21,,,,,0.0037694463726665787,0.002319873627660951,,,,
2024-10-22,,,,,-0.003056284038123089,-0.0008267018701440745,,,,
2024-10-23,,,,,-0.0027031118703481753,0.001264289939510042,,,,
2024-10-24,,,,,-0.007703718033700718,-0.0026472179687896395,,,,
2024-10-25,,,,,0.006256472458498552,0.0008648469517691724,,,,
2024-10-28,,,,,-0.002995575841047294,-0.0005889809582902289,,,,
2024-10-29,,,,,-0.015586831058159788,-0.001141653465747666,,,,
2024-10-30,,,,,-0.0025512494064643997,-0.0016667646147000047,,,,
2024-10-31,,,,,0.0,0.0,,,,
2024-11-01,,,,,-0.008755982891484493,-0.0018606051316100284,,,,
2024-11-04,,,,,0.008132067159111113,-0.0008026994030763209,,,,
2024-11-05,,,,,0.006414992506951622,0.004483854763134408,,,,
2024-11-06,,,,,0.010668287925259545,0.0011492808798283774,,,,
2024-11-07,,,,,0.0108624042195742,0.0016895189350442015,,,,
2024-11-08,,,,,0.00971370365445101,0.0036753469678023113,,,,
2024-11-11,,,,,-0.0031817887766110503,-0.0018175679498113606,,,,
2024-11-12,,,,,-0.02017980972794591,-0.002278228554265439,,,,
2024-11-13,,,,,-0.002694342523294121,-0.0012425186710729283,,,,
2024-11-14,,,,,-0.00788560724250455,-0.0005738149366454934,,,,
2024-11-15,,,,,0.0004473239597022191,-0.002221748854319984,,,,
2024-11-18,,,,,-0.011103047726018214,-0.0011307176092638907,,,,
2024-11-19,,,,,0.007098053888781341,-0.0018977095911034267,,,,
2024-11-20,,,,,0.0016368522249878923,0.0027267459511785257,,,,
2024-11-21,,,,,-0.006313485448728117,0.0009451732263538332,,,,
2024-11-22,,,,,0.011428879444417735,-0.0014274925915848543,,,,
2024-11-25,,,,,-0.001721480711712289,-0.0031911331880613613,,,,
2024-11-26,,,,,-0.013965919037450415,-0.0016648455316360476,,,,
2024-11-27,,,,,-0.008931071403626058,0.001901520632518566,,,,
2024-11-28,,,,,-0.003326614376027028,-0.00017678672061732366,,,,
2024-11-29,,,,,0.006225441610363007,0.0035352697231868426,,,,
2024-12-02,,,,,0.015989637199951057,-0.0009339704677147917,,,,
2024-12-03,,,,,0.012571197211549288,0.0022006766515225537,,,,
2024-12-04,,,,,0.005186832399131655,-0.0007192285546279067,,,,
2024-12-05,,,,,0.004422734668958356,0.0005319127093520961,,,,
2024-12-06,,,,,-0.0023434937781796616,0.0003966160067194576,,,,
2024-12-09,,,,,0.0030952134602352838,0.0008677734799907085,,,,
2024-12-10,,,,,-0.004110106012972501,0.0012575241844371508,,,,
2024-12-11,,,,,-0.0061665895972665445,0.0005059120165944026,,,,
2024-12-12,,,,,0.012470031204970774,0.0025219925846005423,,,,
2024-12-13,,,,,-0.002868481532764892,-0.0028712022258081758,,,,
2024-12-16,,,,,-0.0016752223489489614,-0.0013846102083774946,,,,
2024-12-17,,,,,0.0074503854587495075,0.00158902815162219,,,,
2024-12-18,,,,,-0.0008128690731891153,-0.000120766734782887,,,,
2024-12-19,,,,,-0.016550787712952326,-0.005624910649103429,,,,
2024-12-20,,,,,-0.008704034356981399,-0.00145243564647229,,,,
2024-12-23,,,,,0.022628596827978225,0.003957698553215227,,,,
2024-12-24,,,,,0.0015986275658067288,0.00042184955597377957,,,,
2024-12-25,,,,,0.006865147379006403,0.0026453308910427457,,,,
2024-12-26,,,,,0.0011078035549964432,0.0006785500385414565,,,,
2024-12-27,,,,,0.00048078729940973603,-0.0006232432131970239,,,,
2024-12-30,,,,,-0.007199007740195237,-0.0017865055230117388,,,,
2024-12-31,,,,,-0.007249264463347258,-0.00245515230228137,,,,
2025-01-02,,,,,,,-0.012868341646822112,-0.012868341646822112,,
2025-01-03,,,,,,,0.003941814218845641,0.003941814218845641,,
2025-01-06,,,,,,,0.016315806481094448,0.016315806481094448,,
2025-01-07,,,,,,,0.005589145517488153,0.005589145517488153,,
2025-01-08,,,,,,,-0.009014524259303876,-0.009014524259303876,,
2025-01-09,,,,,,,-0.005612437278095299,-0.005612437278095299,,
2025-01-10,,,,,,,-0.001740563113429081,-0.001740563113429081,,
2025-01-13,,,,,,,-0.018011935580330048,-0.018011935580330048,,
2025-01-14,,,,,,,0.008479156452757994,0.008479156452757994,,
2025-01-15,,,,,,,-0.006513725704327392,-0.006513725704327392,,
2025-01-16,,,,,,,0.014791743652865664,0.014791743652865664,,
2025-01-17,,,,,,,0.0031513151618588033,0.0031513151618588033,,
2025-01-20,,,,,,,0.0070516122201772415,0.0070516122201772415,,
2025-01-21,,,,,,,0.000356267407558649,0.000356267407558649,,
2025-01-22,,,,,,,0.00919950870818326,0.00919950870818326,,
2025-01-23,,,,,,,0.0,0.0,,
2025-01-24,,,,,,,0.0,0.0,,
2025-01-27,,,,,,,0.0,0.0,,
2025-01-28,,,,,,,0.0,0.0,,
2025-01-29,,,,,,,0.0,0.0,,
2025-01-30,,,,,,,0.0,0.0,,
2025-01-31,,,,,,,0.0,0.0,,
2025-02-03,,,,,,,-0.011910531723992562,-0.011910531723992562,,
2025-02-04,,,,,,,0.005821022498582613,0.005821022498582613,,
2025-02-05,,,,,,,0.004116313867083435,0.004116313867083435,,
2025-02-06,,,,,,,0.0038009844968168905,0.0038009844968168905,,
2025-02-07,,,,,,,0.0028564754307195154,0.0028564754307195154,,
2025-02-10,,,,,,,-0.002870408014898846,-0.002870408014898846,,
2025-02-11,,,,,,,0.0016217988574151344,0.0016217988574151344,,
2025-02-12,,,,,,,-0.0010462199675273637,-0.0010462199675273637,,
2025-02-13,,,,,,,0.003517964858480174,0.003517964858480174,,
2025-02-14,,,,,,,0.0022428375266750305,0.0022428375266750305,,
2025-02-17,,,,,,,0.0031133764995027943,0.0031133764995027943,,
2025-02-18,,,,,,,0.0012921603512881217,0.0012921603512881217,,
2025-02-19,,,,,,,-0.0024779942869058292,-0.0024779942869058292,,
2025-02-20,,,,,,,-0.0004938324460064855,-0.0004938324460064855,,
2025-02-21,,,,,,,0.0014119796747354039,0.0014119796747354039,,
2025-02-24,,,,,,,-0.004842759434169418,-0.004842759434169418,,
2025-02-25,,,,,,,-0.00559040761208489,-0.00559040761208489,,
2025-02-26,,,,,,,-0.0013082919129548867,-0.0013082919129548867,,
2025-02-27,,,,,,,-0.0012640525336739582,-0.0012640525336739582,,
2025-02-28,,,,,,,0.0006900256438501314,0.0006900256438501314,,
2025-03-03,,,,,,,-0.018316789493297337,-0.018316789493297337,,
2025-03-04,,,,,,,-0.006401260669087912,-0.006401260669087912,,
2025-03-05,,,,,,,0.008584385628161464,0.008584385628161464,,
2025-03-06,,,,,,,-0.0009943623826128738,-0.0009943623826128738,,
2025-03-07,,,,,,,-0.009032826756415651,-0.009032826756415651,,
2025-03-10,,,,,,,-0.007334972303421462,-0.007334972303421462,,
2025-03-11,,,,,,,-0.01734997486648138,-0.01734997486648138,,
2025-03-12,,,,,,,0.007748872497956614,0.0060194252461621064,,
2025-03-13,,,,,,,-0.003991077519654381,-0.0049895420678498,,
2025-03-14,,,,,,,0.003414108132707893,0.0037837369226414457,,
2025-03-17,,,,,,,0.007814394193019897,0.006741430265712748,,
2025-03-18,,,,,,,0.004172767978184658,0.003969267774684461,,
2025-03-19,,,,,,,-0.007442023114922719,-0.006427206796676324,,
2025-03-20,,,,,,,0.014627698477371599,0.012529793868767883,,
2025-03-21,,,,,,,-0.009749275384667513,-0.00858801760100811,,
2025-03-24,,,,,,,-0.0006910800742615688,-0.0016668522298905774,,
2025-03-25,,,,,,,0.007921493777560582,0.007118538929203033,,
2025-03-26,,,,,,,0.001506653580983188,0.0003543992083441421,,
2025-03-27,,,,,,,-0.014170128006839948,-0.011938772771669779,,
2025-03-28,,,,,,,-0.009300188459257185,-0.0086148163736857,,
2025-03-31,,,,,,,-0.02702851023593074,-0.012417913079791234,,
2025-04-01,,,,,,,0.00508824354090818,0.004552760555016888,,
2025-04-02,,,,,,,0.00021095653045396425,-0.0008427842493142168,,
2025-04-03,,,,,,,-0.0006667170799156729,-0.0006667170799156729,,
2025-04-04,,,,,,,-0.0011429958964817536,-0.0011429958964817536,,
2025-04-07,,,,,,,-0.07520270106866327,-0.06285342998831309,,
2025-04-08,,,,,,,0.010482715692359914,0.0005773432423256163,,
2025-04-09,,,,,,,-0.016509114865408233,-0.009512080255672477,,
2025-04-10,,,,,,,0.05305893207014102,0.002489051050229504,,
2025-04-11,,,,,,,-0.0060341329595078675,-0.001655811534939194,,
2025-04-14,,,,,,,0.003767361257250516,-0.00011924438174396674,,
2025-04-15,,,,,,,-0.00048371482750952103,-0.00047551536297694665,,
2025-04-16,,,,,,,-0.005850654497846805,0.0021734294884077758,,
2025-04-17,,,,,,,0.005571733994840874,0.0033702297141940613,,
2025-04-18,,,,,,,0.0010758978806465053,0.0003663649153324589,,
2025-04-21,,,,,,,-0.005471516749885886,0.0019237564906475085,,
2025-04-22,,,,,,,-0.00242111890168243,0.0029515368210868594,,
2025-04-23,,,,,,,0.013160929968144925,-0.004937172997388795,,
2025-04-24,,,,,,,-0.0009508045773133183,0.0007847891330522268,,
2025-04-25,,,,,,,0.012673180411763756,-0.0010170889534488578,,
2025-04-28,,,,,,,0.0004158460480482123,-0.0008838578216901525,,
2025-04-29,,,,,,,-0.0032556101614002763,-0.0013447179172262004,,
2025-04-30,,,,,,,-0.005303103361290346,-0.000909803710975035,,
2025-05-01,,,,,,,-0.001974269217799721,-0.0017434999870304898,,
2025-05-02,,,,,,,-0.0010328729496511366,-0.004463970850569257,,
2025-05-05,,,,,,,-0.012608274129394609,-8.644640511826026e-05,,
2025-05-06,,,,,,,0.007202922926795295,0.004663068583413707,,
2025-05-07,,,,,,,0.0031925825517582075,0.0016454823273453873,,
2025-05-08,,,,,,,0.0005837286574940089,-0.002990761306980573,,
2025-05-09,,,,,,,-0.00045063868663742536,-0.0004303708392721095,,
2025-05-12,,,,,,,0.0016159525904207745,-0.0028129727960328078,,
2025-05-13,,,,,,,0.003639025030535379,-0.001639447359743153,,
2025-05-14,,,,,,,0.0026966611069550238,-0.003324022500402705,,
2025-05-15,,,,,,,-4.694205007608511e-07,0.0011720183290723817,,
2025-05-16,,,,,,,0.003224382165241714,0.002651984278511595,,
2025-05-19,,,,,,,-0.0019532170030233708,0.0007102454509561895,,
2025-05-20,,,,,,,0.0021078113974565185,-0.0009075321866189868,,
2025-05-21,,,,,,,-0.0018147778215941584,-0.0014984770878549048,,
2025-05-22,,,,,,,-0.0018918060695559168,0.0021321306160584025,,
2025-05-23,,,,,,,0.00012920810272400474,0.000194599069522495,,
2025-05-26,,,,,,,0.0005352525172994757,0.0004475983712467406,,
2025-05-27,,,,,,,0.0006566128927716008,0.001856645819459845,,
2025-05-28,,,,,,,0.0015138745025356035,-0.0016173840880516592,,
2025-05-29,,,,,,,0.004044120842635246,-0.00044554571858013993,,
2025-05-30,,,,,,,0.00072731942355382,0.00072731942355382,,
2025-06-02,,,,,,,-0.006042523252854066,-0.001016215470800763,,
2025-06-03,,,,,,,0.003444316389967869,0.0013222946906533265,,
2025-06-04,,,,,,,0.003103179402152818,0.0011753989500708196,,
2025-06-05,,,,,,,-0.0007037010552359323,-0.0007530805264477102,,
2025-06-06,,,,,,,-0.0014893221518537199,-0.0014586170409170642,,
2025-06-09,,,,,,,0.0005564472854347084,-0.0005413617804791694,,
2025-06-10,,,,,,,0.0016038091043137398,0.0010917479176911172,,
2025-06-11,,,,,,,0.0011481100796923139,0.001163213465567538,,
2025-06-12,,,,,,,0.001253143032712136,0.003119480342164873,,
2025-06-13,,,,,,,-0.0027027249323129904,0.00031860616189975785,,
2025-06-16,,,,,,,0.00024319552598558384,-0.0007618841317099923,,
2025-06-17,,,,,,,0.0014712822752247503,0.0006405419076663554,,
2025-06-18,,,,,,,0.0004243805193899775,0.0003153934737748499,,
2025-06-19,,,,,,,-0.002089701994273385,-0.0010322778469241678,,
2025-06-20,,,,,,,-0.001486310931370915,-0.0013388450412799482,,
2025-06-23,,,,,,,-0.0004971877296557906,-0.0004686658579988822,,
2025-06-24,,,,,,,0.00467651827553417,0.001640001501591467,,
2025-06-25,,,,,,,0.0009761591308389614,0.0002480219543428568,,
2025-06-26,,,,,,,0.0009792368606890743,0.00190889872482108,,
2025-06-27,,,,,,,-0.0004601050729197995,-0.0014164558000943244,,
2025-06-30,,,,,,,0.0050794767393758196,0.0011500486565593215,,
2025-07-01,,,,,,,,,0.0032236204408854856,0.0032236204408854856
2025-07-02,,,,,,,,,-0.0001763070964498648,-0.0001763070964498648
2025-07-03,,,,,,,,,0.006041928616507447,0.006041928616507447
2025-07-04,,,,,,,,,-0.002943310208419015,-0.002943310208419015
2025-07-07,,,,,,,,,-0.004132945437801423,-0.004132945437801423
2025-07-08,,,,,,,,,-0.00211740955593018,-0.00211740955593018
2025-07-09,,,,,,,,,0.004691412644251256,0.004691412644251256
2025-07-10,,,,,,,,,0.006569731549247534,0.006569731549247534
2025-07-11,,,,,,,,,0.0014569396789760193,0.0014569396789760193
2025-07-14,,,,,,,,,-0.0048593439349414735,-0.0048593439349414735
2025-07-15,,,,,,,,,0.007102890638920651,0.007102890638920651
2025-07-16,,,,,,,,,0.004201630487428632,0.004201630487428632
2025-07-17,,,,,,,,,0.0024375188628895654,0.0024375188628895654
2025-07-18,,,,,,,,,0.0050030397478485755,0.0050030397478485755
2025-07-21,,,,,,,,,0.001819940419114355,0.001819940419114355
2025-07-22,,,,,,,,,-0.0026591968483242576,-0.0026591968483242576
2025-07-23,,,,,,,,,0.0029120745789235495,0.0029120745789235495
2025-07-24,,,,,,,,,0.0011577572596626403,0.0011577572596626403
2025-07-25,,,,,,,,,0.0003798273664006313,0.0003798273664006313
2025-07-28,,,,,,,,,0.0008543079907713949,0.0008543079907713949
2025-07-29,,,,,,,,,-0.004004532678022589,-0.004004532678022589
2025-07-30,,,,,,,,,0.0038415912688919847,0.0038415912688919847
2025-07-31,,,,,,,,,0.00621962130787543,0.00621962130787543
2025-08-01,,,,,,,,,-0.0020851965717418233,-0.0020851965717418233
2025-08-04,,,,,,,,,-0.0005968481658352815,-0.0005968481658352815
2025-08-05,,,,,,,,,0.008232996601806295,0.008232996601806295
2025-08-06,,,,,,,,,-0.0037580852634474023,-0.0037580852634474023
2025-08-07,,,,,,,,,0.01036893115732228,0.01036893115732228
2025-08-08,,,,,,,,,0.0008908144451132799,0.0008908144451132799
2025-08-11,,,,,,,,,0.002592796845049078,0.002592796845049078
2025-08-12,,,,,,,,,-0.0005332458654552146,-0.0005332458654552146
2025-08-13,,,,,,,,,0.006507603390247251,0.006507603390247251
2025-08-14,,,,,,,,,-0.0020345615196820143,-0.0020345615196820143
2025-08-15,,,,,,,,,0.0007851918419025621,0.0007851918419025621
2025-08-18,,,,,,,,,0.0014042856323330335,0.0014042856323330335
2025-08-19,,,,,,,,,-0.0010695967635191855,-0.0010695967635191855
2025-08-20,,,,,,,,,-0.011359058766582782,-0.011359058766582782
2025-08-21,,,,,,,,,0.0048691533331460994,0.0048691533331460994
2025-08-22,,,,,,,,,0.0008132736151186177,0.0008132736151186177
2025-08-25,,,,,,,,,0.008211038391105622,0.008211038391105622
2025-08-26,,,,,,,,,0.0022084814041379943,0.0022084814041379943
2025-08-27,,,,,,,,,0.0037631046347226258,0.0037631046347226258
2025-08-28,,,,,,,,,-0.0030584616176810935,-0.0030584616176810935
2025-08-29,,,,,,,,,0.002700811537688223,0.002700811537688223
2025-09-01,,,,,,,,,-0.010591604707157014,-0.010591604707157014
2025-09-02,,,,,,,,,0.0009264244393552684,0.0009264244393552684
2025-09-03,,,,,,,,,0.0008040551936122716,0.0008040551936122716
2025-09-04,,,,,,,,,0.0027249429339354704,0.0027249429339354704
2025-09-05,,,,,,,,,0.00971477490993547,0.00971477490993547
2025-09-08,,,,,,,,,0.007269652526159101,0.007269652526159101
2025-09-09,,,,,,,,,0.008328707507026575,0.008328707507026575
2025-09-10,,,,,,,,,0.013382881603433526,0.013382881603433526
2025-09-11,,,,,,,,,0.006427311798069239,0.006427311798069239
2025-09-12,,,,,,,,,0.005177833068115316,0.005177833068115316
2025-09-15,,,,,,,,,0.00021421863801319465,0.00021421863801319465
2025-09-16,,,,,,,,,0.00789202351888737,0.00789202351888737
2025-09-17,,,,,,,,,-0.004014195875015383,-0.004014195875015383
2025-09-18,,,,,,,,,0.006772215294403709,0.006772215294403709
2025-09-19,,,,,,,,,-0.0010311390157144995,-0.0010311390157144995
2025-09-22,,,,,,,,,0.006865830023962486,0.006865830023962486
2025-09-23,,,,,,,,,0.009161444652667787,0.009161444652667787
2025-09-24,,,,,,,,,0.0014315670017007562,0.0014315670017007562
2025-09-25,,,,,,,,,0.000619186980435752,0.000619186980435752
2025-09-26,,,,,,,,,-0.013639718239264268,-0.013639718239264268
2025-09-29,,,,,,,,,0.0,0.0
2025-09-30,,,,,,,,,0.013633605517633767,0.013633605517633767
2025-10-01,,,,,,,,,0.0014266533445042547,0.0014266533445042547
2025-10-02,,,,,,,,,0.012524855280285966,0.012524855280285966
2025-10-03,,,,,,,,,0.009602549619921026,0.009602549619921026
2025-10-06,,,,,,,,,0.0,0.0
2025-10-07,,,,,,,,,0.018217631769811848,0.018217631769811848
2025-10-08,,,,,,,,,-0.004413744200028704,-0.004413744200028704
2025-10-09,,,,,,,,,0.008596664342425838,0.008596664342425838
2025-10-10,,,,,,,,,0.0,0.0
2025-10-13,,,,,,,,,-0.01566635137213289,-0.01566635137213289
2025-10-14,,,,,,,,,-3.4851916982807417e-06,-3.4851916982807417e-06
2025-10-15,,,,,,,,,0.010677164687344308,0.010677164687344308
2025-10-16,,,,,,,,,0.017268751621805644,0.017268751621805644
2025-10-17,,,,,,,,,-0.009020023615096165,-0.009020023615096165
2025-10-20,,,,,,,,,0.009592868414486852,0.009592868414486852
2025-10-21,,,,,,,,,0.008787049911554769,0.008787049911554769
2025-10-22,,,,,,,,,-0.007362960643690908,-0.007362960643690908
2025-10-23,,,,,,,,,-0.006947349549930528,-0.006947349549930528
2025-10-24,,,,,,,,,0.0,0.0
2025-10-27,,,,,,,,,0.025749699293643357,0.025749699293643357
2025-10-28,,,,,,,,,-0.005658166457110507,-0.005658166457110507
2025-10-29,,,,,,,,,0.012525886420395822,0.012525886420395822
2025-10-30,,,,,,,,,0.0005013532166889481,0.0005013532166889481
2025-10-31,,,,,,,,,0.00176311671661394,0.00176311671661394
2025-11-03,,,,,,,,,-0.006559900092582499,-0.006559900092582499
2025-11-04,,,,,,,,,-0.004199946496913063,-0.004199946496913063
2025-11-05,,,,,,,,,-0.013423793185483463,-0.013423793185483463
2025-11-06,,,,,,,,,0.007762904302159697,0.007762904302159697
2025-11-07,,,,,,,,,-0.013116069355311637,-0.013116069355311637
2025-11-10,,,,,,,,,0.01096292599226919,0.01096292599226919
2025-11-11,,,,,,,,,-5.141715186325526e-05,-5.141715186325526e-05
2025-11-12,,,,,,,,,0.004945260003814089,0.004945260003814089
2025-11-13,,,,,,,,,-0.0013541583751522839,-0.0013541583751522839
2025-11-14,,,,,,,,,-0.019422496739752566,-0.019422496739752566
2025-11-17,,,,,,,,,0.0005014363695214654,0.0005014363695214654
2025-11-18,,,,,,,,,-0.02273655261253258,-0.02273655261253258
2025-11-19,,,,,,,,,-0.006123876006799705,-0.006123876006799705
2025-11-20,,,,,,,,,0.02922913230930941,0.024436752685996963
2025-11-21,,,,,,,,,-0.03312474983992478,-0.02785265523326893
2025-11-24,,,,,,,,,0.004151214180086401,0.003913249691998603
2025-11-25,,,,,,,,,0.014851840004455358,0.013116690469892344
2025-11-26,,,,,,,,,0.01398999929427669,0.011438508851006227
2025-11-27,,,,,,,,,0.008210448354537624,0.006733385240726539
2025-11-28,,,,,,,,,0.007357738192132207,0.0062331871667903
2025-12-01,,,,,,,,,-0.009006298000166536,-0.0069152484176325454
2025-12-02,,,,,,,,,0.0030371100977769805,0.0023558471814415596
2025-12-03,,,,,,,,,0.007128578572147232,0.005952698256156554
2025-12-04,,,,,,,,,-0.0032707148249028627,-0.003385401621128069
2025-12-05,,,,,,,,,0.007703770003620214,0.006615987542661615
2025-12-08,,,,,,,,,0.009862754534350798,0.008225591223783328
2025-12-09,,,,,,,,,-0.002397313397226776,-0.002087747914742524
2025-12-10,,,,,,,,,0.004012997141397373,0.0030472825411917977
2025-12-11,,,,,,,,,-0.008923663188835178,-0.0072025592831593994
2025-12-12,,,,,,,,,0.004888769482984411,0.0038011021676575595
2025-12-15,,,,,,,,,-0.01100823311100972,-0.009172791864595358
2025-12-16,,,,,,,,,-0.010863202649721081,-0.009277401890968776
2025-12-17,,,,,,,,,0.001275769380258264,0.0016805888547665351
2025-12-18,,,,,,,,,-0.0039134801711735185,-0.0034716794093198056
2025-12-19,,,,,,,,,0.010121592759783905,0.008367489532435646
2025-12-22,,,,,,,,,0.014247686117962377,0.011915278673715675
2025-12-23,,,,,,,,,0.0038797106662495414,0.003546814971333767
2025-12-24,,,,,,,,,0.0015327316979720275,0.001355966583484905
2025-12-26,,,,,,,,,0.0073755616136365835,0.006085788555494115
2025-12-29,,,,,,,,,0.006712361705781865,0.0053245944030975755
2025-12-30,,,,,,,,,-0.0018099203648698384,-0.0016395425686636868
