strategy,base_regime,overlay_col,overlay_state,count,win_rate,avg_win,avg_loss,payoff_ratio,profit_factor
Time_series_momentum_1M,Bear High Vol,high_corr,False,48,0.5714285714285714,0.007811401456321365,-0.04190024154153985,0.18642855432174896,0.24857140576233194
Time_series_momentum_1M,Bear High Vol,high_corr,True,114,0.18181818181818182,0.03269275278387296,-0.02875266390141869,1.1370338726165772,0.25267419391479495
Time_series_momentum_1M,Bear High Vol,strong_breadth,False,140,0.3,0.024836235372263687,-0.031456180215239916,0.7895502633288897,0.3383786842838099
Time_series_momentum_1M,Bear High Vol,strong_breadth,True,22,0.0,0.0,-0.04772626666262066,0.0,0.0
Time_series_momentum_1M,Bear Low Vol,high_corr,False,52,0.25,0.018974639562690077,-0.011514394319861473,1.647906006654665,0.5493020022182217
Time_series_momentum_1M,Bear Low Vol,high_corr,True,55,0.6,0.03167079764559596,-0.01693749756977747,1.86986285991314,2.80479428986971
Time_series_momentum_1M,Bear Low Vol,strong_breadth,False,52,0.3,0.014426324726206937,-0.014138384783269389,1.0203658301391176,0.43729964148819317
Time_series_momentum_1M,Bear Low Vol,strong_breadth,True,55,0.8,0.02206648101327008,-0.003275557582812838,6.736709844166685,26.94683937666674
Time_series_momentum_1M,Bull High Vol,high_corr,False,143,0.4166666666666667,0.05293811205445058,-0.01351149418547591,3.9180057607067655,2.7985755433619754
Time_series_momentum_1M,Bull High Vol,high_corr,True,71,0.875,0.02816381770359287,-0.01746025688699926,1.6130242461989994,11.291169723392997
Time_series_momentum_1M,Bull High Vol,strong_breadth,False,58,0.125,0.045518270175554765,-0.015101379169609805,3.0141796761951567,0.4305970965993081
Time_series_momentum_1M,Bull High Vol,strong_breadth,True,156,0.9166666666666666,0.03810544442992859,-0.008866483707167694,4.297695195573869,47.274647151312564
Time_series_momentum_1M,Bull Low Vol,high_corr,False,415,0.6,0.031384672827520665,-0.020067082732803887,1.5639878125491449,2.345981718823717
Time_series_momentum_1M,Bull Low Vol,high_corr,True,71,0.6666666666666666,0.010422824891939722,-0.013645794022728697,0.7638122687898751,1.5276245375797504
Time_series_momentum_1M,Bull Low Vol,strong_breadth,False,128,0.2857142857142857,0.012645516050417582,-0.024835965669649816,0.5091614402523806,0.20366457610095226
Time_series_momentum_1M,Bull Low Vol,strong_breadth,True,358,0.782608695652174,0.03209910572077958,-0.016817551732365654,1.9086669826621863,6.871201137583871
Time_series_momentum_1M_w_asset_stop,Bear High Vol,high_corr,False,48,0.5714285714285714,0.007811401456321365,-0.037229567615390056,0.2098171414994427,0.2797561886659236
Time_series_momentum_1M_w_asset_stop,Bear High Vol,high_corr,True,114,0.2,0.013884611467272526,-0.029114386598099295,0.4768986432356768,0.11922466080891922
Time_series_momentum_1M_w_asset_stop,Bear High Vol,strong_breadth,False,140,0.2857142857142857,0.01269425873771568,-0.031090500959836953,0.4083002314473563,0.1633200925789425
Time_series_momentum_1M_w_asset_stop,Bear High Vol,strong_breadth,True,22,0.0,0.0,-0.04296435397145126,0.0,0.0
Time_series_momentum_1M_w_asset_stop,Bear Low Vol,high_corr,False,52,0.2222222222222222,0.018956278990333697,-0.00988046457897743,1.918561504756243,0.5481604299303551
Time_series_momentum_1M_w_asset_stop,Bear Low Vol,high_corr,True,55,0.625,0.019265084492050555,-0.01911400180368794,1.0079042939262182,1.6798404898770303
Time_series_momentum_1M_w_asset_stop,Bear Low Vol,strong_breadth,False,52,0.3076923076923077,0.011376208657128184,-0.013612509987563089,0.8357171945160683,0.3714298642293637
Time_series_momentum_1M_w_asset_stop,Bear Low Vol,strong_breadth,True,55,0.8,0.02206648101327008,-0.003275557582812838,6.736709844166685,26.94683937666674
Time_series_momentum_1M_w_asset_stop,Bull High Vol,high_corr,False,143,0.35714285714285715,0.06010916954363101,-0.014822541564200153,4.055253903878973,2.2529188354883183
Time_series_momentum_1M_w_asset_stop,Bull High Vol,high_corr,True,71,0.7777777777777778,0.030062104003781016,-0.03344767406520849,0.8987801048638816,3.1457303670235857
Time_series_momentum_1M_w_asset_stop,Bull High Vol,strong_breadth,False,58,0.3,0.04277312517796209,-0.030991818924837107,1.3801424589404576,0.5914896252601961
Time_series_momentum_1M_w_asset_stop,Bull High Vol,strong_breadth,True,156,0.8461538461538461,0.03866923344715,-0.011558363533184346,3.3455630060544195,18.400596533299307
Time_series_momentum_1M_w_asset_stop,Bull Low Vol,high_corr,False,415,0.5925925925925926,0.029223702449890504,-0.0181970285301393,1.605960138024073,2.335942018944106
Time_series_momentum_1M_w_asset_stop,Bull Low Vol,high_corr,True,71,0.6,0.010422824891939722,-0.01018024999524375,1.0238279901583265,1.5357419852374898
Time_series_momentum_1M_w_asset_stop,Bull Low Vol,strong_breadth,False,128,0.25,0.012645516050417582,-0.020636281308964517,0.6127807554612226,0.2042602518204075
Time_series_momentum_1M_w_asset_stop,Bull Low Vol,strong_breadth,True,358,0.76,0.030661323115775706,-0.015130201213902924,2.0264980407267457,6.417243795634695
Time_series_momentum_2M,Bear High Vol,high_corr,False,48,0.6,0.010520760192855194,-0.04826062069009196,0.2179988579180279,0.32699828687704185
Time_series_momentum_2M,Bear High Vol,high_corr,True,114,0.0,0.0,-0.027670884763385434,0.0,0.0
Time_series_momentum_2M,Bear High Vol,strong_breadth,False,140,0.3333333333333333,0.015167320061880485,-0.03323004259513551,0.4564339638884725,0.22821698194423626
Time_series_momentum_2M,Bear High Vol,strong_breadth,True,22,0.0,0.0,-0.06313983973473947,0.0,0.0
Time_series_momentum_2M,Bear Low Vol,high_corr,False,52,0.14285714285714285,0.0391056113973447,-0.013876061017596327,2.8182069355096235,0.46970115591827066
Time_series_momentum_2M,Bear Low Vol,high_corr,True,55,0.6666666666666666,0.017964695199388148,-0.031512498908935926,0.5700815810038454,1.1401631620076909
Time_series_momentum_2M,Bear Low Vol,strong_breadth,False,52,0.3333333333333333,0.01378980322118073,-0.022925298092613206,0.6015103125583332,0.3007551562791666
Time_series_momentum_2M,Bear Low Vol,strong_breadth,True,55,0.75,0.009161882276688793,-0.0033261448686661144,2.754504881311134,8.263514643933402
Time_series_momentum_2M,Bull High Vol,high_corr,False,143,0.4,0.05432436160136833,-0.00788436538781854,6.890137497343828,4.593424998229218
Time_series_momentum_2M,Bull High Vol,high_corr,True,71,0.75,0.033433678190157114,-0.010549947708041518,3.1690847305975614,9.507254191792684
Time_series_momentum_2M,Bull High Vol,strong_breadth,False,58,0.14285714285714285,0.024551539234472175,-0.01565974111517382,1.567812587315538,0.261302097885923
Time_series_momentum_2M,Bull High Vol,strong_breadth,True,156,0.9090909090909091,0.04278681151153598,-0.0064334538385870665,6.65067514045192,66.5067514045192
Time_series_momentum_2M,Bull Low Vol,high_corr,False,415,0.6470588235294118,0.03237331822524026,-0.0324579461607753,0.9973926897556659,1.8285532645520544
Time_series_momentum_2M,Bull Low Vol,high_corr,True,71,0.36363636363636365,0.018371769067252464,-0.007918360160778229,2.3201481991502213,1.3257989709429834
Time_series_momentum_2M,Bull Low Vol,strong_breadth,False,128,0.18181818181818182,0.005685119080890755,-0.025428837997580594,0.2235697549935888,0.04968216777635307
Time_series_momentum_2M,Bull Low Vol,strong_breadth,True,358,0.875,0.03326842379324849,-0.03233641146565597,1.0288223796441482,7.201756657509037
Time_series_momentum_2M_w_asset_stop,Bear High Vol,high_corr,False,48,0.5,0.007405929759394803,-0.03007040457035201,0.24628633585783868,0.24628633585783868
Time_series_momentum_2M_w_asset_stop,Bear High Vol,high_corr,True,114,0.26666666666666666,0.01757452836289969,-0.028547751565691396,0.6156186529246914,0.22386132833625141
Time_series_momentum_2M_w_asset_stop,Bear High Vol,strong_breadth,False,140,0.375,0.01942219111183034,-0.032091723330319136,0.6052087297375187,0.3631252378425113
Time_series_momentum_2M_w_asset_stop,Bear High Vol,strong_breadth,True,22,0.0,0.0,-0.06313983973473947,0.0,0.0
Time_series_momentum_2M_w_asset_stop,Bear Low Vol,high_corr,False,52,0.1111111111111111,0.011922251218267954,-0.00835583525625365,1.4268174099465567,0.1783521762433196
Time_series_momentum_2M_w_asset_stop,Bear Low Vol,high_corr,True,55,0.4,0.011010595771975495,-0.014263670137168375,0.7719328662322332,0.5146219108214888
Time_series_momentum_2M_w_asset_stop,Bear Low Vol,strong_breadth,False,52,0.2,0.01294695856569461,-0.013758945442539736,0.9409848029243117,0.23524620073107794
Time_series_momentum_2M_w_asset_stop,Bear Low Vol,strong_breadth,True,55,0.5,0.0064854313897722005,-0.0020325811453479337,3.1907367657206303,3.1907367657206303
Time_series_momentum_2M_w_asset_stop,Bull High Vol,high_corr,False,143,0.4166666666666667,0.05282278879905995,-0.014255799492381553,3.7053543596266905,2.646681685447636
Time_series_momentum_2M_w_asset_stop,Bull High Vol,high_corr,True,71,0.7,0.030271910414371828,-0.023511662219833585,1.2875274462234976,3.004230707854828
Time_series_momentum_2M_w_asset_stop,Bull High Vol,strong_breadth,False,58,0.4,0.016069627450473856,-0.02802040983502152,0.5734972309501737,0.3823314873001158
Time_series_momentum_2M_w_asset_stop,Bull High Vol,strong_breadth,True,156,0.9166666666666666,0.038439309475797885,-0.010137153944754007,3.7919232247321535,41.71115547205369
Time_series_momentum_2M_w_asset_stop,Bull Low Vol,high_corr,False,415,0.631578947368421,0.029727829963192804,-0.025427687383277813,1.169112610010414,2.0041930457321384
Time_series_momentum_2M_w_asset_stop,Bull Low Vol,high_corr,True,71,0.3333333333333333,0.018524301503989038,-0.006985222304421904,2.6519272682649584,1.3259636341324792
Time_series_momentum_2M_w_asset_stop,Bull Low Vol,strong_breadth,False,128,0.23076923076923078,0.004322450146881929,-0.022824449446827,0.18937806832763826,0.056813420498291474
Time_series_momentum_2M_w_asset_stop,Bull Low Vol,strong_breadth,True,358,0.8235294117647058,0.03461040256107595,-0.022597971350719687,1.5315712204393823,7.1473323620504505
Time_series_momentum_3M,Bear High Vol,high_corr,False,48,0.5,0.012095614084027373,-0.0632199939587112,0.19132577095668477,0.19132577095668477
Time_series_momentum_3M,Bear High Vol,high_corr,True,114,0.16666666666666666,0.002542661499786547,-0.03223468150421185,0.07887968427590382,0.015775936855180764
Time_series_momentum_3M,Bear High Vol,strong_breadth,False,140,0.3333333333333333,0.001733812328429507,-0.043786572614326585,0.039596895233179746,0.019798447616589873
Time_series_momentum_3M,Bear High Vol,strong_breadth,True,22,0.0,0.0,-0.046495882302011404,0.0,0.0
Time_series_momentum_3M,Bear Low Vol,high_corr,False,52,0.16666666666666666,0.03688524626617484,-0.01404210395845067,2.626760660319493,0.5253521320638985
Time_series_momentum_3M,Bear Low Vol,high_corr,True,55,0.25,0.03397772057701909,-0.019191201150482413,1.7704843126072378,0.5901614375357459
Time_series_momentum_3M,Bear Low Vol,strong_breadth,False,52,0.2857142857142857,0.010770506653802081,-0.01801951154210173,0.5977135744571824,0.239085429782873
Time_series_momentum_3M,Bear Low Vol,strong_breadth,True,55,0.6666666666666666,0.014986863951484408,-0.01918434039589323,0.7812029833818331,1.5624059667636663
Time_series_momentum_3M,Bull High Vol,high_corr,False,143,0.625,0.04426448456752916,-0.0115554921225934,3.8306014229357532,6.384335704892922
Time_series_momentum_3M,Bull High Vol,high_corr,True,71,1.0,0.024995461675263262,0.0,,
Time_series_momentum_3M,Bull High Vol,strong_breadth,False,58,0.16666666666666666,0.024551539234472175,-0.018187763824181434,1.349893228865762,0.2699786457731524
Time_series_momentum_3M,Bull High Vol,strong_breadth,True,156,1.0,0.05450035856610358,0.0,,
Time_series_momentum_3M,Bull Low Vol,high_corr,False,415,0.6153846153846154,0.05871317315962338,-0.03977441278373128,1.4761543678562745,2.361846988570039
Time_series_momentum_3M,Bull Low Vol,high_corr,True,71,0.375,0.01635250881556612,-0.010625088280351557,1.5390468656910827,0.9234281194146496
Time_series_momentum_3M,Bull Low Vol,strong_breadth,False,128,0.4444444444444444,0.012651126740090002,-0.04576941725294366,0.27641004625804677,0.22112803700643746
Time_series_momentum_3M,Bull Low Vol,strong_breadth,True,358,0.8333333333333334,0.05568509497021068,-0.05161596568670235,1.0788347021967402,5.3941735109837
Time_series_momentum_3M_w_asset_stop,Bear High Vol,high_corr,False,48,0.375,0.012583933776527592,-0.027464860744290397,0.45818305411010085,0.27490983246606054
Time_series_momentum_3M_w_asset_stop,Bear High Vol,high_corr,True,114,0.3125,0.00464915679566893,-0.01992890315538942,0.23328713875613608,0.10603960852551639
Time_series_momentum_3M_w_asset_stop,Bear High Vol,strong_breadth,False,140,0.25,0.004162831987324478,-0.018039404485786847,0.23076327107163386,0.07692109035721129
Time_series_momentum_3M_w_asset_stop,Bear High Vol,strong_breadth,True,22,0.0,0.0,-0.04887685126233554,0.0,0.0
Time_series_momentum_3M_w_asset_stop,Bear Low Vol,high_corr,False,52,0.25,0.019184454340181234,-0.01191167798900028,1.610558508876493,0.5368528362921643
Time_series_momentum_3M_w_asset_stop,Bear Low Vol,high_corr,True,55,0.3333333333333333,0.01364379269745275,-0.013012233545827756,1.0485357989772246,0.5242678994886123
Time_series_momentum_3M_w_asset_stop,Bear Low Vol,strong_breadth,False,52,0.3333333333333333,0.010132083771720257,-0.016010122867820886,0.6328548416130501,0.31642742080652503
Time_series_momentum_3M_w_asset_stop,Bear Low Vol,strong_breadth,True,55,1.0,0.014986863951484408,0.0,,
Time_series_momentum_3M_w_asset_stop,Bull High Vol,high_corr,False,143,0.4444444444444444,0.06850181109243514,-0.018900006141236235,3.6244332716367302,2.899546617309384
Time_series_momentum_3M_w_asset_stop,Bull High Vol,high_corr,True,71,0.875,0.023300227985351585,-0.04955735933551075,0.47016685912591805,3.2911680138814265
Time_series_momentum_3M_w_asset_stop,Bull High Vol,strong_breadth,False,58,0.4444444444444444,0.016069627450473856,-0.03241503436889905,0.4957461179153347,0.39659689433226775
Time_series_momentum_3M_w_asset_stop,Bull High Vol,strong_breadth,True,156,0.8888888888888888,0.05175826106482273,-0.01528218452443486,3.386836546965249,27.09469237572199
Time_series_momentum_3M_w_asset_stop,Bull Low Vol,high_corr,False,415,0.625,0.0462513082208339,-0.021429068565626652,2.1583443106352935,3.5972405177254894
Time_series_momentum_3M_w_asset_stop,Bull Low Vol,high_corr,True,71,0.375,0.01635250881556612,-0.008755190318532202,1.8677502396438597,1.1206501437863159
Time_series_momentum_3M_w_asset_stop,Bull Low Vol,strong_breadth,False,128,0.3333333333333333,0.011900254097391316,-0.029733271314038703,0.40023359595055913,0.20011679797527956
Time_series_momentum_3M_w_asset_stop,Bull Low Vol,strong_breadth,True,358,0.7857142857142857,0.05058417082688666,-0.0062597606582229055,8.08084742991549,29.62977390969013
Vol_adj_time_series_momentum_1M,Bear High Vol,high_corr,False,48,0.42857142857142855,0.006340019713480786,-0.034090110252549266,0.1859782695483268,0.1394837021612451
Vol_adj_time_series_momentum_1M,Bear High Vol,high_corr,True,114,0.3333333333333333,0.019474379951328502,-0.022920711440356484,0.8496411641499039,0.42482058207495194
Vol_adj_time_series_momentum_1M,Bear High Vol,strong_breadth,False,140,0.45454545454545453,0.01536325454917331,-0.029218371488025436,0.5258080367507694,0.4381733639589745
Vol_adj_time_series_momentum_1M,Bear High Vol,strong_breadth,True,22,0.0,0.0,-0.04154653565709976,0.0,0.0
Vol_adj_time_series_momentum_1M,Bear Low Vol,high_corr,False,52,0.25,0.0097379757866779,-0.009669630081413416,1.0070680785809847,0.3356893595269949
Vol_adj_time_series_momentum_1M,Bear Low Vol,high_corr,True,55,0.7142857142857143,0.01991423216875674,-0.015939439153462687,1.2493684361805522,3.12342109045138
Vol_adj_time_series_momentum_1M,Bear Low Vol,strong_breadth,False,52,0.36363636363636365,0.013057056055427618,-0.011574710233915304,1.1280676398419773,0.6446100799097013
Vol_adj_time_series_momentum_1M,Bear Low Vol,strong_breadth,True,55,0.6,0.022975941788006587,-0.005338529796100999,4.30379573881691,6.455693608225364
Vol_adj_time_series_momentum_1M,Bull High Vol,high_corr,False,143,0.5333333333333333,0.022071066621541152,-0.007856286299933417,2.8093511080073807,3.210686980579864
Vol_adj_time_series_momentum_1M,Bull High Vol,high_corr,True,71,0.8888888888888888,0.018132897488867317,-0.007422537242690486,2.4429513650098698,19.543610920078958
Vol_adj_time_series_momentum_1M,Bull High Vol,strong_breadth,False,58,0.3333333333333333,0.014454152842846716,-0.006936936656364541,2.083650688893812,1.041825344446906
Vol_adj_time_series_momentum_1M,Bull High Vol,strong_breadth,True,156,0.9375,0.01750193902479758,-0.005269968013297377,3.3210712058661542,49.81606808799232
Vol_adj_time_series_momentum_1M,Bull Low Vol,high_corr,False,415,0.5714285714285714,0.019816497314097806,-0.013559232995059428,1.4614762738658105,1.9486350318210806
Vol_adj_time_series_momentum_1M,Bull Low Vol,high_corr,True,71,0.6363636363636364,0.007197401414799266,-0.00607396954544559,1.184958429730036,2.073677252027563
Vol_adj_time_series_momentum_1M,Bull Low Vol,strong_breadth,False,128,0.29411764705882354,0.007132071634228509,-0.013248575971650772,0.5383274134133115,0.2243030889222131
Vol_adj_time_series_momentum_1M,Bull Low Vol,strong_breadth,True,358,0.7037037037037037,0.019904268566943693,-0.009256224952853775,2.15036569101608,5.10711851616319
Vol_adj_time_series_momentum_1M_w_asset_stop,Bear High Vol,high_corr,False,48,0.42857142857142855,0.006183556656401172,-0.030587104807936916,0.20216220839563173,0.15162165629672378
Vol_adj_time_series_momentum_1M_w_asset_stop,Bear High Vol,high_corr,True,114,0.3333333333333333,0.018869072451956192,-0.02390386774962262,0.7893731947313876,0.3946865973656938
Vol_adj_time_series_momentum_1M_w_asset_stop,Bear High Vol,strong_breadth,False,140,0.42857142857142855,0.015544019200055584,-0.02888588592322619,0.5381181398198748,0.4035886048649061
Vol_adj_time_series_momentum_1M_w_asset_stop,Bear High Vol,strong_breadth,True,22,0.0,0.0,-0.03693827775458258,0.0,0.0
Vol_adj_time_series_momentum_1M_w_asset_stop,Bear Low Vol,high_corr,False,52,0.3333333333333333,0.00666098344293653,-0.00970284554622658,0.6864979362190275,0.3432489681095138
Vol_adj_time_series_momentum_1M_w_asset_stop,Bear Low Vol,high_corr,True,55,0.7777777777777778,0.01286675629888423,-0.016292985089968848,0.7897114143194021,2.7639899501179075
Vol_adj_time_series_momentum_1M_w_asset_stop,Bear Low Vol,strong_breadth,False,52,0.5,0.00617590803222431,-0.011704193757042633,0.5276662502710321,0.5276662502710322
Vol_adj_time_series_momentum_1M_w_asset_stop,Bear Low Vol,strong_breadth,True,55,0.6,0.022975941788006587,-0.005338529796100999,4.30379573881691,6.455693608225364
Vol_adj_time_series_momentum_1M_w_asset_stop,Bull High Vol,high_corr,False,143,0.47058823529411764,0.023729012281567985,-0.007658873740152,3.0982378201598415,2.7539891734754147
Vol_adj_time_series_momentum_1M_w_asset_stop,Bull High Vol,high_corr,True,71,0.8,0.019793848348142323,-0.016776386589412218,1.179863628120877,4.719454512483508
Vol_adj_time_series_momentum_1M_w_asset_stop,Bull High Vol,strong_breadth,False,58,0.2727272727272727,0.03047248476880826,-0.012675041396346023,2.404132958302835,0.9015498593635631
Vol_adj_time_series_momentum_1M_w_asset_stop,Bull High Vol,strong_breadth,True,156,0.8823529411764706,0.0179282245026872,-0.0063002942657689465,2.845617005557291,21.34212754167968
Vol_adj_time_series_momentum_1M_w_asset_stop,Bull Low Vol,high_corr,False,415,0.5666666666666667,0.018791612935919955,-0.012744811650156857,1.4744519928380955,1.9281295290959712
Vol_adj_time_series_momentum_1M_w_asset_stop,Bull Low Vol,high_corr,True,71,0.6363636363636364,0.007197401414799266,-0.00607396954544559,1.184958429730036,2.073677252027563
Vol_adj_time_series_momentum_1M_w_asset_stop,Bull Low Vol,strong_breadth,False,128,0.3157894736842105,0.006342467962286769,-0.012344607396487172,0.5137845018944551,0.23713130856667164
Vol_adj_time_series_momentum_1M_w_asset_stop,Bull Low Vol,strong_breadth,True,358,0.7037037037037037,0.019824815956162676,-0.009256224952853775,2.1417819961312103,5.0867322408116245
Vol_adj_time_series_momentum_2M,Bear High Vol,high_corr,False,48,0.6666666666666666,0.004069051089851505,-0.055206510473305215,0.07370600052359895,0.1474120010471979
Vol_adj_time_series_momentum_2M,Bear High Vol,high_corr,True,114,0.14285714285714285,0.019094455756992312,-0.020894952851420807,0.9138310046817806,0.15230516744696343
Vol_adj_time_series_momentum_2M,Bear High Vol,strong_breadth,False,140,0.16666666666666666,0.009663405236014277,-0.01918111484101779,0.5037978926725156,0.10075957853450314
Vol_adj_time_series_momentum_2M,Bear High Vol,strong_breadth,True,22,0.0,0.0,-0.03851587470767789,0.0,0.0
Vol_adj_time_series_momentum_2M,Bear Low Vol,high_corr,False,52,0.14285714285714285,0.022869267819347616,-0.010196632083406395,2.2428256342174175,0.3738042723695696
Vol_adj_time_series_momentum_2M,Bear Low Vol,high_corr,True,55,0.5,0.01971641629759835,-0.018800388417838654,1.0487238805603891,1.0487238805603891
Vol_adj_time_series_momentum_2M,Bear Low Vol,strong_breadth,False,52,0.42857142857142855,0.012807640440388735,-0.018180141347158424,0.7044851960070477,0.5283638970052857
Vol_adj_time_series_momentum_2M,Bear Low Vol,strong_breadth,True,55,0.25,0.009379861526251032,-0.003821881180289736,2.454252522193782,0.8180841740645939
Vol_adj_time_series_momentum_2M,Bull High Vol,high_corr,False,143,0.5,0.02972325757080334,-0.004550629544946605,6.531680348230171,6.53168034823017
Vol_adj_time_series_momentum_2M,Bull High Vol,high_corr,True,71,0.75,0.021440838332648277,-0.00418888594473471,5.11850611726459,15.355518351793771
Vol_adj_time_series_momentum_2M,Bull High Vol,strong_breadth,False,58,0.2857142857142857,0.007765285532028154,-0.006548924579975824,1.185734457191874,0.4742937828767496
Vol_adj_time_series_momentum_2M,Bull High Vol,strong_breadth,True,156,0.9090909090909091,0.02661378599845965,-0.0021293978027862037,12.498268742288044,124.98268742288043
Vol_adj_time_series_momentum_2M,Bull Low Vol,high_corr,False,415,0.5294117647058824,0.027289182524058358,-0.020779682781063097,1.313262710099092,1.4774205488614784
Vol_adj_time_series_momentum_2M,Bull Low Vol,high_corr,True,71,0.6363636363636364,0.006509046236468371,-0.006453708042668926,1.0085746354550864,1.765005612046401
Vol_adj_time_series_momentum_2M,Bull Low Vol,strong_breadth,False,128,0.18181818181818182,0.0033681254545314676,-0.014445618160159336,0.23315897022812604,0.05181310449513912
Vol_adj_time_series_momentum_2M,Bull Low Vol,strong_breadth,True,358,0.8125,0.022866312221395953,-0.02473029556607161,0.924627534689358,4.006719316987218
Vol_adj_time_series_momentum_2M_w_asset_stop,Bear High Vol,high_corr,False,48,0.4444444444444444,0.0067684066223827055,-0.028422088937194955,0.2381389572504341,0.19051116580034727
Vol_adj_time_series_momentum_2M_w_asset_stop,Bear High Vol,high_corr,True,114,0.375,0.017979959065365314,-0.026562002274268838,0.6769052603682243,0.4061431562209346
Vol_adj_time_series_momentum_2M_w_asset_stop,Bear High Vol,strong_breadth,False,140,0.375,0.019265917053232773,-0.02729412774307265,0.7058630792157311,0.42351784752943866
Vol_adj_time_series_momentum_2M_w_asset_stop,Bear High Vol,strong_breadth,True,22,0.0,0.0,-0.03851587470767789,0.0,0.0
Vol_adj_time_series_momentum_2M_w_asset_stop,Bear Low Vol,high_corr,False,52,0.2222222222222222,0.004375237443544178,-0.007836529298051675,0.5583131609846661,0.1595180459956189
Vol_adj_time_series_momentum_2M_w_asset_stop,Bear Low Vol,high_corr,True,55,0.5,0.009358101259046384,-0.012471589215019008,0.7503535513963865,0.7503535513963865
Vol_adj_time_series_momentum_2M_w_asset_stop,Bear Low Vol,strong_breadth,False,52,0.36363636363636365,0.007256239198781211,-0.010688678568482593,0.6788714949458281,0.38792656854047314
Vol_adj_time_series_momentum_2M_w_asset_stop,Bear Low Vol,strong_breadth,True,55,0.25,0.0013635826798201744,-0.0036914171960403808,0.3693927311393654,0.12313091037978846
Vol_adj_time_series_momentum_2M_w_asset_stop,Bull High Vol,high_corr,False,143,0.4166666666666667,0.035291610744385735,-0.007334980330220128,4.8114117769320055,3.436722697808576
Vol_adj_time_series_momentum_2M_w_asset_stop,Bull High Vol,high_corr,True,71,0.7,0.020011059823567497,-0.011525092417130215,1.73630363204934,4.051375141448459
Vol_adj_time_series_momentum_2M_w_asset_stop,Bull High Vol,strong_breadth,False,58,0.4,0.011970503978642466,-0.013206978542058304,0.9063771808609955,0.6042514539073303
Vol_adj_time_series_momentum_2M_w_asset_stop,Bull High Vol,strong_breadth,True,156,0.9166666666666666,0.024059580901398248,-0.0021293978027862037,11.298772296053638,124.28649525659003
Vol_adj_time_series_momentum_2M_w_asset_stop,Bull Low Vol,high_corr,False,415,0.5263157894736842,0.024575207448523817,-0.018427484283525156,1.333617061906543,1.4817967354517148
Vol_adj_time_series_momentum_2M_w_asset_stop,Bull Low Vol,high_corr,True,71,0.6363636363636364,0.006509046236468371,-0.006453708042668926,1.0085746354550864,1.765005612046401
Vol_adj_time_series_momentum_2M_w_asset_stop,Bull Low Vol,strong_breadth,False,128,0.23076923076923078,0.0024422092699936115,-0.012962562526707045,0.1884048208031302,0.05652144624093906
Vol_adj_time_series_momentum_2M_w_asset_stop,Bull Low Vol,strong_breadth,True,358,0.8125,0.02283779147443708,-0.02473029556607161,0.9234742631126931,4.00172180682167
Vol_adj_time_series_momentum_3M,Bear High Vol,high_corr,False,48,0.25,0.007208333858606197,-0.04271722986783085,0.1687453489121164,0.05624844963737214
Vol_adj_time_series_momentum_3M,Bear High Vol,high_corr,True,114,0.3333333333333333,0.0021496239290499375,-0.026693671771304966,0.08052934596134241,0.040264672980671205
Vol_adj_time_series_momentum_3M,Bear High Vol,strong_breadth,False,140,0.3333333333333333,0.0011657032464335026,-0.034560544735236565,0.0337293076646734,0.0168646538323367
Vol_adj_time_series_momentum_3M,Bear High Vol,strong_breadth,True,22,0.0,0.0,-0.04528551916510504,0.0,0.0
Vol_adj_time_series_momentum_3M,Bear Low Vol,high_corr,False,52,0.16666666666666666,0.017710563104069488,-0.010932713371733672,1.61996043451206,0.32399208690241205
Vol_adj_time_series_momentum_3M,Bear Low Vol,high_corr,True,55,0.25,0.03600489770896842,-0.0177999573052543,2.022751914036349,0.6742506380121162
Vol_adj_time_series_momentum_3M,Bear Low Vol,strong_breadth,False,52,0.2857142857142857,0.01615111999333385,-0.014203435813469566,1.137127678502777,0.4548510714011108
Vol_adj_time_series_momentum_3M,Bear Low Vol,strong_breadth,True,55,0.3333333333333333,0.012110525187957188,-0.014061652942137348,0.8612447795284875,0.4306223897642438
Vol_adj_time_series_momentum_3M,Bull High Vol,high_corr,False,143,0.5,0.039978293138921706,-0.005661878183641417,7.0609596042580005,7.0609596042580005
Vol_adj_time_series_momentum_3M,Bull High Vol,high_corr,True,71,1.0,0.01720246315889686,0.0,,
Vol_adj_time_series_momentum_3M,Bull High Vol,strong_breadth,False,58,0.3333333333333333,0.007765285532028154,-0.008270656781596164,0.9388958745461957,0.46944793727309786
Vol_adj_time_series_momentum_3M,Bull High Vol,strong_breadth,True,156,0.875,0.04040553847770261,-0.004489327321667513,9.000354748625101,63.00248324037571
Vol_adj_time_series_momentum_3M,Bull Low Vol,high_corr,False,415,0.46153846153846156,0.04555798468352501,-0.021975617022803467,2.0731151546848854,1.7769558468727589
Vol_adj_time_series_momentum_3M,Bull Low Vol,high_corr,True,71,0.375,0.011283628170204008,-0.007224034977161242,1.561956469739855,0.9371738818439129
Vol_adj_time_series_momentum_3M,Bull Low Vol,strong_breadth,False,128,0.3333333333333333,0.011822770201904031,-0.020303330326517783,0.582306942347411,0.2911534711737055
Vol_adj_time_series_momentum_3M,Bull Low Vol,strong_breadth,True,358,0.75,0.034165661278227705,-0.033786067834212084,1.011235206354237,3.033705619062711
Vol_adj_time_series_momentum_3M_w_asset_stop,Bear High Vol,high_corr,False,48,0.5,0.0030241065849450632,-0.0349415232209028,0.08654764607216595,0.08654764607216595
Vol_adj_time_series_momentum_3M_w_asset_stop,Bear High Vol,high_corr,True,114,0.3125,0.004592565649693325,-0.015776640147330347,0.2910990937744408,0.13231776989747313
Vol_adj_time_series_momentum_3M_w_asset_stop,Bear High Vol,strong_breadth,False,140,0.25,0.0049521185252898725,-0.016980950848045923,0.2916278699351948,0.09720928997839827
Vol_adj_time_series_momentum_3M_w_asset_stop,Bear High Vol,strong_breadth,True,22,0.0,0.0,-0.047666488125429174,0.0,0.0
Vol_adj_time_series_momentum_3M_w_asset_stop,Bear Low Vol,high_corr,False,52,0.25,0.009919461884686176,-0.0096621193959181,1.0266341656755755,0.34221138855852523
Vol_adj_time_series_momentum_3M_w_asset_stop,Bear Low Vol,high_corr,True,55,0.5,0.00987051032512265,-0.011265084361640457,0.8762038532736984,0.8762038532736984
Vol_adj_time_series_momentum_3M_w_asset_stop,Bear Low Vol,strong_breadth,False,52,0.3333333333333333,0.009005905882286391,-0.010190623157726786,0.883744373910823,0.4418721869554115
Vol_adj_time_series_momentum_3M_w_asset_stop,Bear Low Vol,strong_breadth,True,55,0.5,0.012110525187957188,-0.008938965488381467,1.3548016494412016,1.3548016494412016
Vol_adj_time_series_momentum_3M_w_asset_stop,Bull High Vol,high_corr,False,143,0.3333333333333333,0.06093263592743344,-0.008539871220228923,7.135076672245189,3.567538336122594
Vol_adj_time_series_momentum_3M_w_asset_stop,Bull High Vol,high_corr,True,71,0.875,0.01615466131393479,-0.02628531269520118,0.6145888961360574,4.302122272952402
Vol_adj_time_series_momentum_3M_w_asset_stop,Bull High Vol,strong_breadth,False,58,0.4444444444444444,0.011970503978642466,-0.015768441292897274,0.7591431363627839,0.6073145090902271
Vol_adj_time_series_momentum_3M_w_asset_stop,Bull High Vol,strong_breadth,True,156,0.7777777777777778,0.03777398705449727,-0.006155017284550479,6.137104951648568,21.47986733076999
Vol_adj_time_series_momentum_3M_w_asset_stop,Bull Low Vol,high_corr,False,415,0.5625,0.030213296986111058,-0.012046598496025438,2.5080355252214472,3.2246171038561466
Vol_adj_time_series_momentum_3M_w_asset_stop,Bull Low Vol,high_corr,True,71,0.5,0.008577848615494377,-0.006922190897214464,1.2391811700752373,1.2391811700752373
Vol_adj_time_series_momentum_3M_w_asset_stop,Bull Low Vol,strong_breadth,False,128,0.3333333333333333,0.0077513791596445225,-0.016132897580783928,0.48047036317129266,0.24023518158564633
Vol_adj_time_series_momentum_3M_w_asset_stop,Bull Low Vol,strong_breadth,True,358,0.7857142857142857,0.02801122474173959,-0.004759685979324191,5.8850993244972,21.5786975231564
Wei_adj_time_series_momentum_1M,Bear High Vol,high_corr,False,48,0.42857142857142855,0.004783256594344791,-0.01107785243705009,0.43178554882597076,0.32383916161947807
Wei_adj_time_series_momentum_1M,Bear High Vol,high_corr,True,114,0.18181818181818182,0.016648510552626616,-0.01803858660209902,0.9229387490198013,0.2050974997821781
Wei_adj_time_series_momentum_1M,Bear High Vol,strong_breadth,False,140,0.3,0.011219658112099426,-0.021774719868592522,0.5152607326206049,0.22082602826597356
Wei_adj_time_series_momentum_1M,Bear High Vol,strong_breadth,True,22,0.0,0.0,-0.013192753890151695,0.0,0.0
Wei_adj_time_series_momentum_1M,Bear Low Vol,high_corr,False,52,0.25,0.009618360737467802,-0.007253526643722308,1.3260254232046118,0.4420084744015373
Wei_adj_time_series_momentum_1M,Bear Low Vol,high_corr,True,55,0.6,0.013738917378236515,-0.015939439153462687,0.861944842974721,1.2929172644620814
Wei_adj_time_series_momentum_1M,Bear Low Vol,strong_breadth,False,52,0.3,0.006932647750109118,-0.010248426440819374,0.676459726782685,0.2899113114782936
Wei_adj_time_series_momentum_1M,Bear Low Vol,strong_breadth,True,55,0.8,0.009228199970722828,-0.0009541922999813934,9.671216138406038,38.68486455362415
Wei_adj_time_series_momentum_1M,Bull High Vol,high_corr,False,143,0.5333333333333333,0.022029573975266975,-0.007176686597066289,3.069602340482905,3.5081169605518916
Wei_adj_time_series_momentum_1M,Bull High Vol,high_corr,True,71,0.8888888888888888,0.016348801333717855,-0.007596220332135806,2.1522284266234695,17.217827412987756
Wei_adj_time_series_momentum_1M,Bull High Vol,strong_breadth,False,58,0.3333333333333333,0.014120340461731828,-0.007015931611517941,2.012610903810792,1.006305451905396
Wei_adj_time_series_momentum_1M,Bull High Vol,strong_breadth,True,156,0.9375,0.016943976056350712,-0.005319890224300572,3.185023626794556,47.775354401918335
Wei_adj_time_series_momentum_1M,Bull Low Vol,high_corr,False,415,0.6071428571428571,0.01820261173018832,-0.012254395855876227,1.485394461242233,2.2956096219198145
Wei_adj_time_series_momentum_1M,Bull Low Vol,high_corr,True,71,0.5454545454545454,0.006742190299029153,-0.004925903601448844,1.3687215269592545,1.6424658323511054
Wei_adj_time_series_momentum_1M,Bull Low Vol,strong_breadth,False,128,0.23529411764705882,0.008776949057753503,-0.01226763877656246,0.7154554529696472,0.22014013937527604
Wei_adj_time_series_momentum_1M,Bull Low Vol,strong_breadth,True,358,0.7407407407407407,0.018294138018556238,-0.00721913093165976,2.5341191608433964,7.240340459552562
Wei_adj_time_series_momentum_1M_w_asset_stop,Bear High Vol,high_corr,False,48,0.42857142857142855,0.0046829873232655155,-0.010319872364019073,0.4537834537172247,0.3403375902879186
Wei_adj_time_series_momentum_1M_w_asset_stop,Bear High Vol,high_corr,True,114,0.14285714285714285,0.01652445079134912,-0.018206803915203674,0.90759755903947,0.15126625983991168
Wei_adj_time_series_momentum_1M_w_asset_stop,Bear High Vol,strong_breadth,False,140,0.23076923076923078,0.011136951604581094,-0.020856576098966594,0.5339779430590677,0.16019338291772028
Wei_adj_time_series_momentum_1M_w_asset_stop,Bear High Vol,strong_breadth,True,22,0.0,0.0,-0.0122791975879597,0.0,0.0
Wei_adj_time_series_momentum_1M_w_asset_stop,Bear Low Vol,high_corr,False,52,0.3333333333333333,0.006424910650750348,-0.007209030162100265,0.8912309293041615,0.44561546465208074
Wei_adj_time_series_momentum_1M_w_asset_stop,Bear Low Vol,high_corr,True,55,0.625,0.008192268296371142,-0.013468916888941399,0.608235121199491,1.0137252019991514
Wei_adj_time_series_momentum_1M_w_asset_stop,Bear Low Vol,strong_breadth,False,52,0.4166666666666667,0.003833537746554283,-0.011206382494288862,0.34208521336015246,0.24434658097153747
Wei_adj_time_series_momentum_1M_w_asset_stop,Bear Low Vol,strong_breadth,True,55,0.8,0.009228199970722828,-0.0009541922999813934,9.671216138406038,38.68486455362415
Wei_adj_time_series_momentum_1M_w_asset_stop,Bull High Vol,high_corr,False,143,0.47058823529411764,0.02373839354156501,-0.007174174471939527,3.3088676104008066,2.941215653689606
Wei_adj_time_series_momentum_1M_w_asset_stop,Bull High Vol,high_corr,True,71,0.8,0.01801791325442903,-0.016894904092074836,1.0664702892797706,4.2658811571190824
Wei_adj_time_series_momentum_1M_w_asset_stop,Bull High Vol,strong_breadth,False,58,0.2727272727272727,0.030376111947654955,-0.012821384317570628,2.3691756830053876,0.8884408811270204
Wei_adj_time_series_momentum_1M_w_asset_stop,Bull High Vol,strong_breadth,True,156,0.8823529411764706,0.01736033076856119,-0.006252268773247083,2.776644990510412,20.82483742882809
Wei_adj_time_series_momentum_1M_w_asset_stop,Bull Low Vol,high_corr,False,415,0.6,0.017324326666463257,-0.011480842493830376,1.5089769479698967,2.263465421954845
Wei_adj_time_series_momentum_1M_w_asset_stop,Bull Low Vol,high_corr,True,71,0.5454545454545454,0.006742190299029153,-0.004925903601448844,1.3687215269592545,1.6424658323511054
Wei_adj_time_series_momentum_1M_w_asset_stop,Bull Low Vol,strong_breadth,False,128,0.2631578947368421,0.007500450340185205,-0.011498306327845422,0.6523091424361674,0.2329675508700598
Wei_adj_time_series_momentum_1M_w_asset_stop,Bull Low Vol,strong_breadth,True,358,0.7407407407407407,0.018218658038314274,-0.00721913093165976,2.523663611421105,7.210467461203156
Wei_adj_time_series_momentum_2M,Bear High Vol,high_corr,False,48,0.6,0.004155760221483229,-0.020414030988194554,0.20357371965813648,0.30536057948720474
Wei_adj_time_series_momentum_2M,Bear High Vol,high_corr,True,114,0.0,0.0,-0.018400777366120225,0.0,0.0
Wei_adj_time_series_momentum_2M,Bear High Vol,strong_breadth,False,140,0.16666666666666666,0.010697960036916587,-0.019189306743118806,0.5574959106197427,0.11149918212394853
Wei_adj_time_series_momentum_2M,Bear High Vol,strong_breadth,True,22,0.0,0.0,-0.02663089435666882,0.0,0.0
Wei_adj_time_series_momentum_2M,Bear Low Vol,high_corr,False,52,0.14285714285714285,0.02283423109112226,-0.008119814928550776,2.8121615199421437,0.46869358665702393
Wei_adj_time_series_momentum_2M,Bear Low Vol,high_corr,True,55,0.6666666666666666,0.009874407802183849,-0.030134191715161518,0.3276811900421973,0.6553623800843946
Wei_adj_time_series_momentum_2M,Bear Low Vol,strong_breadth,False,52,0.3333333333333333,0.009653832082104796,-0.016728668304160754,0.577083119025302,0.288541559512651
Wei_adj_time_series_momentum_2M,Bear Low Vol,strong_breadth,True,55,0.75,0.004255632905930451,-0.0010961309225214766,3.88241296590834,11.647238897725021
Wei_adj_time_series_momentum_2M,Bull High Vol,high_corr,False,143,0.5,0.029556349940413007,-0.0037792800113390923,7.820629816190958,7.820629816190958
Wei_adj_time_series_momentum_2M,Bull High Vol,high_corr,True,71,0.875,0.016314237063736962,-0.008481267159215045,1.9235612742149337,13.464928919504535
Wei_adj_time_series_momentum_2M,Bull High Vol,strong_breadth,False,58,0.2857142857142857,0.007295536817763182,-0.006661235876459015,1.0952227113809019,0.4380890845523608
Wei_adj_time_series_momentum_2M,Bull High Vol,strong_breadth,True,156,0.9090909090909091,0.025665835705982375,-0.002573381535434849,9.973583533016752,99.73583533016753
Wei_adj_time_series_momentum_2M,Bull Low Vol,high_corr,False,415,0.5294117647058824,0.026577155387044762,-0.013130024949348507,2.024151171804398,2.277170068279948
Wei_adj_time_series_momentum_2M,Bull Low Vol,high_corr,True,71,0.5454545454545454,0.006403385321750554,-0.005267155277830238,1.21571986850336,1.4588638422040319
Wei_adj_time_series_momentum_2M,Bull Low Vol,strong_breadth,False,128,0.09090909090909091,0.0067247292195489194,-0.013057734693020462,0.5149996823831456,0.05149996823831456
Wei_adj_time_series_momentum_2M,Bull Low Vol,strong_breadth,True,358,0.875,0.02066721537852975,-0.009061937050626911,2.28066198905012,15.964633923350839
Wei_adj_time_series_momentum_2M_w_asset_stop,Bear High Vol,high_corr,False,48,0.375,0.007755007691273723,-0.01450509714315069,0.5346401761215118,0.32078410567290705
Wei_adj_time_series_momentum_2M_w_asset_stop,Bear High Vol,high_corr,True,114,0.3333333333333333,0.017215161567783445,-0.0247981167980287,0.6942124560503702,0.34710622802518504
Wei_adj_time_series_momentum_2M_w_asset_stop,Bear High Vol,strong_breadth,False,140,0.375,0.01909738031294672,-0.027095483090339555,0.7048178565140836,0.4228907139084501
Wei_adj_time_series_momentum_2M_w_asset_stop,Bear High Vol,strong_breadth,True,22,0.0,0.0,-0.02663089435666882,0.0,0.0
Wei_adj_time_series_momentum_2M_w_asset_stop,Bear Low Vol,high_corr,False,52,0.2222222222222222,0.004359095612678776,-0.00605672526073047,0.7197116304649831,0.20563189441856658
Wei_adj_time_series_momentum_2M_w_asset_stop,Bear Low Vol,high_corr,True,55,0.4,0.005908986622630286,-0.011059675012048445,0.5342821209658527,0.3561880806439018
Wei_adj_time_series_momentum_2M_w_asset_stop,Bear Low Vol,strong_breadth,False,52,0.3,0.0053208180867028165,-0.010705558616686095,0.4970145208872693,0.21300622323740112
Wei_adj_time_series_momentum_2M_w_asset_stop,Bear Low Vol,strong_breadth,True,55,0.75,0.0015845470197805394,-0.0007046553996288285,2.248683570175133,6.7460507105254
Wei_adj_time_series_momentum_2M_w_asset_stop,Bull High Vol,high_corr,False,143,0.4166666666666667,0.035260244388439735,-0.007133985428671481,4.94257308779029,3.5304093484216352
Wei_adj_time_series_momentum_2M_w_asset_stop,Bull High Vol,high_corr,True,71,0.8,0.01570984183178961,-0.017362358601904215,0.90482187311041,3.61928749244164
Wei_adj_time_series_momentum_2M_w_asset_stop,Bull High Vol,strong_breadth,False,58,0.4,0.011812170293965696,-0.013350979463755352,0.8847418517894401,0.58982790119296
Wei_adj_time_series_momentum_2M_w_asset_stop,Bull High Vol,strong_breadth,True,156,0.9166666666666666,0.023170522569951245,-0.004054861577901581,5.714257348814889,62.85683083696378
Wei_adj_time_series_momentum_2M_w_asset_stop,Bull Low Vol,high_corr,False,415,0.5263157894736842,0.023934384976220448,-0.010910943228812241,2.193612822860039,2.4373475809555987
Wei_adj_time_series_momentum_2M_w_asset_stop,Bull Low Vol,high_corr,True,71,0.5,0.006443564899732708,-0.004419513218853699,1.4579806826336392,1.4579806826336392
Wei_adj_time_series_momentum_2M_w_asset_stop,Bull Low Vol,strong_breadth,False,128,0.15384615384615385,0.0036575530602334094,-0.011835673523258277,0.30902787687121935,0.05618688670385806
Wei_adj_time_series_momentum_2M_w_asset_stop,Bull Low Vol,strong_breadth,True,358,0.8235294117647058,0.021199369673701316,-0.006457533630945034,3.2828895496745365,15.320151231814505
Wei_adj_time_series_momentum_3M,Bear High Vol,high_corr,False,48,0.25,0.007459402208503274,-0.010807855433214017,0.6901833813930849,0.2300611271310283
Wei_adj_time_series_momentum_3M,Bear High Vol,high_corr,True,114,0.3333333333333333,0.0005558830927921976,-0.02669934350942549,0.02082010340800919,0.010410051704004594
Wei_adj_time_series_momentum_3M,Bear High Vol,strong_breadth,False,140,0.3333333333333333,0.0016224053415095918,-0.02768447269537852,0.058603440251922385,0.029301720125961193
Wei_adj_time_series_momentum_3M,Bear High Vol,strong_breadth,True,22,0.0,0.0,-0.01160845924467685,0.0,0.0
Wei_adj_time_series_momentum_3M,Bear Low Vol,high_corr,False,52,0.16666666666666666,0.017736001307898208,-0.008164530313592478,2.1723235295447365,0.43446470590894737
Wei_adj_time_series_momentum_3M,Bear Low Vol,high_corr,True,55,0.25,0.019509757608501266,-0.011305898983505905,1.7256263864522328,0.5752087954840776
Wei_adj_time_series_momentum_3M,Bear Low Vol,strong_breadth,False,52,0.2857142857142857,0.007526057525428231,-0.012206737897474885,0.6165494490534682,0.24661977962138731
Wei_adj_time_series_momentum_3M,Bear Low Vol,strong_breadth,True,55,0.6666666666666666,0.006009432602348985,-0.0036539002052036196,1.644662487987709,3.289324975975418
Wei_adj_time_series_momentum_3M,Bull High Vol,high_corr,False,143,0.5,0.03897409049134032,-0.0053778443991309155,7.247158452118605,7.247158452118605
Wei_adj_time_series_momentum_3M,Bull High Vol,high_corr,True,71,1.0,0.015122768146923324,0.0,,
Wei_adj_time_series_momentum_3M,Bull High Vol,strong_breadth,False,58,0.3333333333333333,0.007295536817763182,-0.008384879901658315,0.8700824464188581,0.43504122320942906
Wei_adj_time_series_momentum_3M,Bull High Vol,strong_breadth,True,156,0.875,0.0380029212185607,-0.003746532768298283,10.143490947183695,71.00443663028587
Wei_adj_time_series_momentum_3M,Bull Low Vol,high_corr,False,415,0.46153846153846156,0.04435433996962623,-0.013409016717246147,3.3077995877639137,2.835256789511926
Wei_adj_time_series_momentum_3M,Bull Low Vol,high_corr,True,71,0.375,0.010887264986687942,-0.0059096218194544916,1.842294705026138,1.1053768230156829
Wei_adj_time_series_momentum_3M,Bull Low Vol,strong_breadth,False,128,0.3333333333333333,0.00866811018033061,-0.020176679985975166,0.4296103316480126,0.2148051658240063
Wei_adj_time_series_momentum_3M,Bull Low Vol,strong_breadth,True,358,0.75,0.03333529763962696,-0.009539190010272073,3.4945627043523153,10.483688113056944
Wei_adj_time_series_momentum_3M_w_asset_stop,Bear High Vol,high_corr,False,48,0.5,0.0030868736724193324,-0.014674290776984955,0.21035930930718377,0.21035930930718377
Wei_adj_time_series_momentum_3M_w_asset_stop,Bear High Vol,high_corr,True,114,0.3125,0.004140131201193453,-0.01399193848663653,0.2958940396391554,0.13449729074507064
Wei_adj_time_series_momentum_3M_w_asset_stop,Bear High Vol,strong_breadth,False,140,0.25,0.004747490569275203,-0.014543590665252801,0.32643180618509804,0.10881060206169935
Wei_adj_time_series_momentum_3M_w_asset_stop,Bear High Vol,strong_breadth,True,22,0.0,0.0,-0.012161141483123306,0.0,0.0
Wei_adj_time_series_momentum_3M_w_asset_stop,Bear Low Vol,high_corr,False,52,0.25,0.009953936129779462,-0.007362610681164432,1.3519574184798808,0.45065247282662696
Wei_adj_time_series_momentum_3M_w_asset_stop,Bear Low Vol,high_corr,True,55,0.3333333333333333,0.00829815652576782,-0.00925652389913137,0.8964657376994961,0.44823286884974806
Wei_adj_time_series_momentum_3M_w_asset_stop,Bear Low Vol,strong_breadth,False,52,0.3333333333333333,0.006173752543660704,-0.010162466144158902,0.607505349201995,0.3037526746009975
Wei_adj_time_series_momentum_3M_w_asset_stop,Bear Low Vol,strong_breadth,True,55,1.0,0.006009432602348985,0.0,,
Wei_adj_time_series_momentum_3M_w_asset_stop,Bull High Vol,high_corr,False,143,0.3333333333333333,0.06080919853851552,-0.008461899249676977,7.186235234464276,3.593117617232138
Wei_adj_time_series_momentum_3M_w_asset_stop,Bull High Vol,high_corr,True,71,0.875,0.016014738495411716,-0.026340221079773185,0.6079955990843802,4.255969193590661
Wei_adj_time_series_momentum_3M_w_asset_stop,Bull High Vol,strong_breadth,False,58,0.4444444444444444,0.011812170293965696,-0.015920330871472245,0.7419550755149197,0.5935640604119358
Wei_adj_time_series_momentum_3M_w_asset_stop,Bull High Vol,strong_breadth,True,156,0.7777777777777778,0.03769083595772641,-0.00563453575874906,6.689253129541637,23.412385953395727
Wei_adj_time_series_momentum_3M_w_asset_stop,Bull Low Vol,high_corr,False,415,0.5625,0.029419477511328045,-0.011783035315542352,2.496765623075273,3.210127229668208
Wei_adj_time_series_momentum_3M_w_asset_stop,Bull Low Vol,high_corr,True,71,0.5,0.008261631091840416,-0.006998476750234045,1.1804898961140549,1.1804898961140549
Wei_adj_time_series_momentum_3M_w_asset_stop,Bull Low Vol,strong_breadth,False,128,0.3333333333333333,0.007621716148747293,-0.016014217401306333,0.4759343499436672,0.2379671749718336
Wei_adj_time_series_momentum_3M_w_asset_stop,Bull Low Vol,strong_breadth,True,358,0.7857142857142857,0.027353664661428058,-0.004770135072176347,5.734358513447314,21.025981215973484
