strategy,base_regime,overlay_col,overlay_state,count,annual_return,annual_vol,sharpe,max_drawdown,VaR(95%),skew
Benchmark(0050.TW),Bear High Vol,high_corr,False,48,1.554648427604545,0.25360425055737384,6.130214395806552,-0.10927699445710282,0.022317286936828395,0.5418136680541947
Benchmark(0050.TW),Bear High Vol,high_corr,True,114,-0.4408614807229638,0.3351056915814732,-1.3155893552341489,-0.33655277504652104,0.024137440877828886,0.1669891977014191
Benchmark(0050.TW),Bear High Vol,strong_breadth,False,140,-0.2988903765623925,0.3194812567827909,-0.9355490195958577,-0.2941528391875574,0.025386434748536385,0.06025135735256845
Benchmark(0050.TW),Bear High Vol,strong_breadth,True,22,2.645660828720329,0.27795526513657753,9.518297224628371,-0.043092509842628024,0.017979334545615067,1.2771268133441704
Benchmark(0050.TW),Bear Low Vol,high_corr,False,52,-0.001323908438547905,0.1957375678319116,-0.0067636910645829775,-0.08038987410184228,0.020072006264177066,-0.35739222991087505
Benchmark(0050.TW),Bear Low Vol,high_corr,True,55,-0.412803273411703,0.1932946804973099,-2.135616315718776,-0.16130740584540282,0.02090187722407264,0.2811278398658176
Benchmark(0050.TW),Bear Low Vol,strong_breadth,False,52,-0.5435585129199141,0.1969094834320162,-2.760448625662968,-0.18757142147843597,0.022086058227265865,-0.21643846842660006
Benchmark(0050.TW),Bear Low Vol,strong_breadth,True,55,0.23104961269047575,0.18857241459874524,1.2252566908161824,-0.06487791523585007,0.01728568569702131,0.21041849358458728
Benchmark(0050.TW),Bull High Vol,high_corr,False,143,0.444174787402003,0.2536745746820572,1.7509629727721396,-0.17175076820486546,0.02602292059868607,-0.5533085918311165
Benchmark(0050.TW),Bull High Vol,high_corr,True,71,0.7220575758762169,0.2964453922816447,2.4357186675049065,-0.10363484454722971,0.02184432959990245,-1.5180735422672618
Benchmark(0050.TW),Bull High Vol,strong_breadth,False,58,-0.5054133632602325,0.37114110879760714,-1.3617822205080694,-0.20221481471099578,0.049125553481138264,-1.0820225434415274
Benchmark(0050.TW),Bull High Vol,strong_breadth,True,156,1.3303930660778405,0.21349718864663406,6.231431310694288,-0.10422710362420318,0.01864226911346219,0.15223334826414098
Benchmark(0050.TW),Bull Low Vol,high_corr,False,415,0.3904559744904572,0.1549003238551222,2.520691789228598,-0.07027489825056243,0.013891060627479886,0.23499591339677056
Benchmark(0050.TW),Bull Low Vol,high_corr,True,71,0.013487431595093469,0.15071973151711926,0.08948683400196689,-0.0579866878534393,0.014091905505866807,0.22037552689653103
Benchmark(0050.TW),Bull Low Vol,strong_breadth,False,128,-0.4603142060570107,0.1482036091178468,-3.1059581395955305,-0.27225591190700393,0.01621888888437005,0.07738022407322048
Benchmark(0050.TW),Bull Low Vol,strong_breadth,True,358,0.8317878635149805,0.15154897697762107,5.488574585612735,-0.05302138503666298,0.01176743162985595,0.308451431640939
Benchmark(SPY),Bear High Vol,high_corr,False,46,0.9626218810730724,0.22029946840890086,4.3696060096084155,-0.057129441321543295,0.011729152076512372,1.2345379645615937
Benchmark(SPY),Bear High Vol,high_corr,True,110,0.07681316587613818,0.31178950141815204,0.24636225891750377,-0.1653602141855831,0.030875131675956586,1.1403401010594791
Benchmark(SPY),Bear High Vol,strong_breadth,False,135,0.333845253038179,0.301839170265683,1.1060368763415425,-0.15582156941720982,0.029140712644183574,1.086812729910498
Benchmark(SPY),Bear High Vol,strong_breadth,True,21,0.012876802287466571,0.17434484998520733,0.07385823147950245,-0.03561614323619566,0.015957008238070003,0.8856874444465322
Benchmark(SPY),Bear Low Vol,high_corr,False,51,0.49499875842046404,0.16754136016870297,2.9544869274191954,-0.04268838878432979,0.015144411166151221,0.34808426678745047
Benchmark(SPY),Bear Low Vol,high_corr,True,53,-0.4780156214059088,0.2610523526727335,-1.8311101835008925,-0.1667798506985737,0.030916112416640572,-0.250096584820604
Benchmark(SPY),Bear Low Vol,strong_breadth,False,51,-0.04193341630301595,0.259904066722288,-0.16134190138633933,-0.11240703391983486,0.02819998213082991,-0.3606170758174305
Benchmark(SPY),Bear Low Vol,strong_breadth,True,53,-0.19904083358814062,0.179504570129756,-1.1088343513720162,-0.1287220836444667,0.018439471981873803,-0.2504714098188122
Benchmark(SPY),Bull High Vol,high_corr,False,138,0.3984600740929607,0.11755675395693142,3.3895123902361424,-0.08294521067619964,0.01112644102017777,-0.15725058064558478
Benchmark(SPY),Bull High Vol,high_corr,True,70,0.3668372167350562,0.1527719069977333,2.4012085987805274,-0.04287222017031378,0.0153242394700363,-0.5083662345452371
Benchmark(SPY),Bull High Vol,strong_breadth,False,57,0.720421687159503,0.1783933927847128,4.038387722290344,-0.04719987554902516,0.017187775946767056,-0.5031396274127398
Benchmark(SPY),Bull High Vol,strong_breadth,True,151,0.2796094999169543,0.10665127523477123,2.621717361573506,-0.05034330032844825,0.011425857783878328,-0.28468393090118504
Benchmark(SPY),Bull Low Vol,high_corr,False,397,0.06173850130407721,0.13141999607239185,0.4697801183167663,-0.18939660836461736,0.014806499835059495,-0.3127564030331415
Benchmark(SPY),Bull Low Vol,high_corr,True,68,0.29782042037761536,0.11881629348319486,2.5065621191064884,-0.03409521441436414,0.010658384376650253,-0.29102397053281154
Benchmark(SPY),Bull Low Vol,strong_breadth,False,125,-0.374057957273619,0.16065359963372222,-2.3283509247626086,-0.21893578171786843,0.017748637877044372,-0.12881244166113398
Benchmark(SPY),Bull Low Vol,strong_breadth,True,340,0.3422267400940211,0.1137537529744419,3.0084874665270367,-0.07095518905887843,0.011423469839832185,-0.16729094436887423
Cross_sectional_momentum_1M,Bear High Vol,high_corr,False,48,0.23120281791733932,0.1026372598446076,2.2526207175384405,-0.04144192197008567,0.01008908911508965,-0.6904286970197717
Cross_sectional_momentum_1M,Bear High Vol,high_corr,True,114,-0.35420787351553096,0.20506353245023012,-1.7273079678440577,-0.2071604753634575,0.01841859897881643,-0.8721174819430307
Cross_sectional_momentum_1M,Bear High Vol,strong_breadth,False,140,-0.2657381023014117,0.1916146498420665,-1.3868360405659983,-0.19496684954973809,0.018396972258456764,-0.989873424824804
Cross_sectional_momentum_1M,Bear High Vol,strong_breadth,True,22,0.16598618721296265,0.09290066518956838,1.7867061217942806,-0.021998939809021456,0.009140940462896202,0.37013453733285084
Cross_sectional_momentum_1M,Bear Low Vol,high_corr,False,52,-0.2473497496230127,0.11362979302194494,-2.176803662532791,-0.06401128030462666,0.015601059093678584,-1.4379299451945962
Cross_sectional_momentum_1M,Bear Low Vol,high_corr,True,55,-0.20447601621732503,0.10743170628973582,-1.90331163191123,-0.07296929742240943,0.011057171958553137,-0.9628798131120224
Cross_sectional_momentum_1M,Bear Low Vol,strong_breadth,False,52,-0.4048032123746891,0.14198171967303816,-2.8510938824159053,-0.11011755794138822,0.0191714368648669,-0.829459559721206
Cross_sectional_momentum_1M,Bear Low Vol,strong_breadth,True,55,-0.006824614576989463,0.0648447079399633,-0.10524551337802393,-0.042408574069564664,0.006252879278670902,-0.6845394052404213
Cross_sectional_momentum_1M,Bull High Vol,high_corr,False,143,0.47425145120310574,0.2149835167359076,2.205989828446666,-0.1619113996845405,0.01986353086918935,-0.8301049064203623
Cross_sectional_momentum_1M,Bull High Vol,high_corr,True,71,0.7959046644975483,0.2825536541069293,2.8168266555007886,-0.10733622960711364,0.019226368227320073,-2.2657199612436534
Cross_sectional_momentum_1M,Bull High Vol,strong_breadth,False,58,-0.38185093681522286,0.34716116702438343,-1.0999241075497448,-0.20435138152154486,0.0426191980401662,-1.553577424775468
Cross_sectional_momentum_1M,Bull High Vol,strong_breadth,True,156,1.2280549469092379,0.1802011543668142,6.814911653725766,-0.08984153782055859,0.01679216527691961,-0.14432564510620052
Cross_sectional_momentum_1M,Bull Low Vol,high_corr,False,415,0.3174858802509848,0.12659439456394392,2.5078984053327886,-0.06860212383323117,0.013270242887957692,-0.31639753968850115
Cross_sectional_momentum_1M,Bull Low Vol,high_corr,True,71,0.013410964614540388,0.1304076794738597,0.1028387643170096,-0.05212271651093514,0.01447234396782202,-0.27436456374694546
Cross_sectional_momentum_1M,Bull Low Vol,strong_breadth,False,128,-0.4058432904426277,0.14028238296825737,-2.893045312286009,-0.22378704783219683,0.01757382703844155,-0.22101137122431014
Cross_sectional_momentum_1M,Bull Low Vol,strong_breadth,True,358,0.6626427986472991,0.11773525483247739,5.62824448454422,-0.0405515969834247,0.010240455662841132,-0.19988339497101107
Cross_sectional_momentum_1M_w_asset_stop,Bear High Vol,high_corr,False,48,0.16436623390152016,0.08213822646462113,2.001093047368348,-0.036632108199740276,0.009147732517013294,-1.045967734941778
Cross_sectional_momentum_1M_w_asset_stop,Bear High Vol,high_corr,True,114,-0.3514337568570294,0.13937510288855576,-2.5214959456427133,-0.17817187055787198,0.01493102937361633,-0.6509255146837338
Cross_sectional_momentum_1M_w_asset_stop,Bear High Vol,strong_breadth,False,140,-0.26964324457338373,0.13342411178103675,-2.0209483951138996,-0.16379067273705916,0.014908547243140953,-0.7666396243118535
Cross_sectional_momentum_1M_w_asset_stop,Bear High Vol,strong_breadth,True,22,0.09191892654618217,0.058059783021888405,1.583177231501691,-0.013135322265335425,0.0049000676628945345,0.531166322664622
Cross_sectional_momentum_1M_w_asset_stop,Bear Low Vol,high_corr,False,52,-0.17565595341577311,0.058648447082856214,-2.995065720454854,-0.03727654013426107,0.007156666322544403,-1.160551233439005
Cross_sectional_momentum_1M_w_asset_stop,Bear Low Vol,high_corr,True,55,-0.20571015445942697,0.08729457506435584,-2.356505593936073,-0.07093360562077888,0.00854222072234908,-1.210093879297213
Cross_sectional_momentum_1M_w_asset_stop,Bear Low Vol,strong_breadth,False,52,-0.3172470685876704,0.08812546540098032,-3.5999477238975386,-0.07816927299547838,0.010605952350880006,-1.219881781590888
Cross_sectional_momentum_1M_w_asset_stop,Bear Low Vol,strong_breadth,True,55,-0.05079575075714371,0.057676765692822624,-0.8806969348398258,-0.04027488199122731,0.007276556450230828,-0.5971115890473946
Cross_sectional_momentum_1M_w_asset_stop,Bull High Vol,high_corr,False,143,0.2555252226696474,0.1305260583792588,1.9576567762981767,-0.09794803279729569,0.015413335215536193,-0.9048545889300935
Cross_sectional_momentum_1M_w_asset_stop,Bull High Vol,high_corr,True,71,0.48869224708026215,0.16057855090302808,3.04332206469704,-0.06080136597279895,0.011010499325609418,-2.3148061770565067
Cross_sectional_momentum_1M_w_asset_stop,Bull High Vol,strong_breadth,False,58,-0.20298589739415984,0.2070993387412486,-0.9801378344706927,-0.12319780898619015,0.025850312903761614,-1.4352805831355222
Cross_sectional_momentum_1M_w_asset_stop,Bull High Vol,strong_breadth,True,156,0.6064707337422828,0.1049256977291937,5.780001914378913,-0.05684392256184545,0.009559582897136798,-0.2618793621587493
Cross_sectional_momentum_1M_w_asset_stop,Bull Low Vol,high_corr,False,415,0.1734845485080072,0.07676358506186141,2.2599849703241626,-0.05145616292074051,0.008186216450609022,-0.5151019644572731
Cross_sectional_momentum_1M_w_asset_stop,Bull Low Vol,high_corr,True,71,0.004215409821203053,0.07309490528619904,0.057670364366679876,-0.032472955454498575,0.007927509288491102,-0.11919899180897817
Cross_sectional_momentum_1M_w_asset_stop,Bull Low Vol,strong_breadth,False,128,-0.26320418385109445,0.09298223990650473,-2.8306930884408774,-0.1341441530899974,0.01114570422663646,-0.5241317647342085
Cross_sectional_momentum_1M_w_asset_stop,Bull Low Vol,strong_breadth,True,358,0.3437877626136643,0.06667876813976592,5.155880532961375,-0.0234267563615127,0.005622533528456015,0.011228957278039972
Cross_sectional_momentum_2M,Bear High Vol,high_corr,False,48,0.3976754049189386,0.12543702026820847,3.1703192890634053,-0.06371293654477272,0.015213906357631287,-1.0846183400647005
Cross_sectional_momentum_2M,Bear High Vol,high_corr,True,114,-0.36674565647487856,0.21177408614609802,-1.7317777786176787,-0.20546102994634974,0.02030355171178407,-0.8049605912271237
Cross_sectional_momentum_2M,Bear High Vol,strong_breadth,False,140,-0.26850005702782376,0.20182470607174313,-1.3303626808324416,-0.1941882619664469,0.020620395405294905,-0.9157670135850833
Cross_sectional_momentum_2M,Bear High Vol,strong_breadth,True,22,0.42283713169574777,0.09624486702493149,4.393347352084918,-0.012866238011917552,0.007125705994187916,0.980263095378439
Cross_sectional_momentum_2M,Bear Low Vol,high_corr,False,52,-0.08255462285459614,0.08827348585880641,-0.9352142611275417,-0.032246842688956834,0.009448943433467553,-1.2638011184083633
Cross_sectional_momentum_2M,Bear Low Vol,high_corr,True,55,-0.17828643943096745,0.10979412228149256,-1.6238249892273176,-0.0737106025015195,0.011057171958553137,-0.9092682926962442
Cross_sectional_momentum_2M,Bear Low Vol,strong_breadth,False,52,-0.27345076129656165,0.1197628387874368,-2.283268867581709,-0.08169499807249792,0.014078726172421608,-1.030485835114875
Cross_sectional_momentum_2M,Bear Low Vol,strong_breadth,True,55,0.024493805970962512,0.07526456464606499,0.3254360944774708,-0.042408574069564664,0.006810277056683096,-0.27750824947313796
Cross_sectional_momentum_2M,Bull High Vol,high_corr,False,143,0.469072549721508,0.21620453558278144,2.1695777494080706,-0.16378939162794293,0.01986353086918935,-0.8486875548103577
Cross_sectional_momentum_2M,Bull High Vol,high_corr,True,71,0.7848007113912674,0.28215718744190466,2.781430870170038,-0.10721105661580632,0.019226368227320073,-2.281109617329686
Cross_sectional_momentum_2M,Bull High Vol,strong_breadth,False,58,-0.3815544218649113,0.3504726602076216,-1.0886852676008358,-0.2044786730223338,0.04302820512935765,-1.5156575890732316
Cross_sectional_momentum_2M,Bull High Vol,strong_breadth,True,156,1.2142241958044222,0.1789528840799548,6.78516136829578,-0.08984153782055837,0.01679216527691961,-0.17341681330989592
Cross_sectional_momentum_2M,Bull Low Vol,high_corr,False,415,0.28198718168400205,0.12432163970776361,2.2682067445929333,-0.07964974059538354,0.012029538792797917,-0.21810234891014044
Cross_sectional_momentum_2M,Bull Low Vol,high_corr,True,71,0.02227542146813244,0.12697740177759323,0.17542823491654733,-0.04758563803609894,0.014229175385057658,-0.1727699138228763
Cross_sectional_momentum_2M,Bull Low Vol,strong_breadth,False,128,-0.3956113985295947,0.1380854171284463,-2.8649759457336406,-0.21727176952991212,0.016686903677526357,-0.09028237795761497
Cross_sectional_momentum_2M,Bull Low Vol,strong_breadth,True,358,0.6037875578218199,0.11551685191705978,5.226835286814557,-0.035494485196436165,0.010486544983851214,-0.11110614905663276
Cross_sectional_momentum_2M_w_asset_stop,Bear High Vol,high_corr,False,48,0.032862514903131634,0.0727714672530551,0.45158516302626833,-0.03494001545262193,0.009143628059976223,-1.9525382289919357
Cross_sectional_momentum_2M_w_asset_stop,Bear High Vol,high_corr,True,114,-0.3014403016535212,0.1210610376354518,-2.489986105696873,-0.1418188498250883,0.01338083378998496,0.141242939984111
Cross_sectional_momentum_2M_w_asset_stop,Bear High Vol,strong_breadth,False,140,-0.2631583780660619,0.11630519583566594,-2.2626536688686976,-0.15227987339618787,0.013396816166563836,-0.045124121559360963
Cross_sectional_momentum_2M_w_asset_stop,Bear High Vol,strong_breadth,True,22,0.16764789473905162,0.03727985340918619,4.497010567582898,-0.005288325106174163,0.00231802788778358,0.2561896153479104
Cross_sectional_momentum_2M_w_asset_stop,Bear Low Vol,high_corr,False,52,-0.06260998100101145,0.034993584402706196,-1.789184562532827,-0.012595733770738304,0.00244387578628509,-2.5449567099271597
Cross_sectional_momentum_2M_w_asset_stop,Bear Low Vol,high_corr,True,55,-0.16314512709517648,0.07520772772113865,-2.1692601550215596,-0.05459567814812605,0.0077385352772007835,-1.901419519311169
Cross_sectional_momentum_2M_w_asset_stop,Bear Low Vol,strong_breadth,False,52,-0.15752335437068177,0.07639596266637927,-2.0619329722774142,-0.04674754910322043,0.008403971779720748,-2.1090628030622245
Cross_sectional_momentum_2M_w_asset_stop,Bear Low Vol,strong_breadth,True,55,-0.0742712693691222,0.036170476298100246,-2.0533671925415895,-0.031681098547811426,0.0033474109324778773,-0.6924371874570648
Cross_sectional_momentum_2M_w_asset_stop,Bull High Vol,high_corr,False,143,0.05543095880974591,0.04171488349294528,1.3288053128356514,-0.02251623184498386,0.0034744938199187786,-2.9442368281004567
Cross_sectional_momentum_2M_w_asset_stop,Bull High Vol,high_corr,True,71,0.2631119238790631,0.05926039640209834,4.4399285164036915,-0.015789088971694176,0.004213816601389997,0.34412255416089443
Cross_sectional_momentum_2M_w_asset_stop,Bull High Vol,strong_breadth,False,58,0.05865269217185731,0.08148388767735375,0.7198072385070828,-0.035303905189887796,0.007024044183845092,-0.6911720676795838
Cross_sectional_momentum_2M_w_asset_stop,Bull High Vol,strong_breadth,True,156,0.14404513053155577,0.02778595637280348,5.184098348061368,-0.011730249288260053,0.0023877411294699205,0.5480484725826689
Cross_sectional_momentum_2M_w_asset_stop,Bull Low Vol,high_corr,False,415,0.06311316618591167,0.04357843474731909,1.4482660185447425,-0.047160970583244755,0.002856483011883678,-1.4547130333919922
Cross_sectional_momentum_2M_w_asset_stop,Bull Low Vol,high_corr,True,71,-0.0008147894816599166,0.03847904672604975,-0.021174887399388616,-0.018316017350823333,0.00316459427137543,-1.3262944467731486
Cross_sectional_momentum_2M_w_asset_stop,Bull Low Vol,strong_breadth,False,128,-0.11805929913983004,0.06696974726117387,-1.7628750886488063,-0.05324469713449298,0.009523020220656254,-1.1310951535645575
Cross_sectional_momentum_2M_w_asset_stop,Bull Low Vol,strong_breadth,True,358,0.12266175039800653,0.0289761448565504,4.233197721962568,-0.012768584063972965,0.002464848383374055,0.41780957364595656
Cross_sectional_momentum_3M,Bear High Vol,high_corr,False,48,0.2587810378506197,0.15906412250220348,1.626897591862897,-0.0855403208107467,0.0222093472886215,-1.3364247715632782
Cross_sectional_momentum_3M,Bear High Vol,high_corr,True,114,-0.3520472197350162,0.20947353704263502,-1.6806286116387223,-0.20817711068563316,0.020960108803108366,-0.4598141886925576
Cross_sectional_momentum_3M,Bear High Vol,strong_breadth,False,140,-0.2594971703893193,0.20780816158199703,-1.2487342576625742,-0.19342943855639072,0.02376144579991428,-0.6023603239606516
Cross_sectional_momentum_3M,Bear High Vol,strong_breadth,True,22,0.1798032407249437,0.09440102790441857,1.904674607007407,-0.021998939809021456,0.009140940462896202,0.43566983038758605
Cross_sectional_momentum_3M,Bear Low Vol,high_corr,False,52,-0.09730330534763687,0.07785049606563171,-1.249873928428221,-0.032024356327812975,0.008854920856293252,-1.7413272623442189
Cross_sectional_momentum_3M,Bear Low Vol,high_corr,True,55,-0.15877634180915456,0.1016662970477119,-1.5617401874550516,-0.0585998120914869,0.010113462805225256,-0.9698343155539453
Cross_sectional_momentum_3M,Bear Low Vol,strong_breadth,False,52,-0.2783625738083312,0.11359211345864441,-2.450544895528112,-0.07536962901831334,0.013717262447935434,-1.0199327554843245
Cross_sectional_momentum_3M,Bear Low Vol,strong_breadth,True,55,0.03951609851237947,0.06023329668693965,0.6560507341605913,-0.0329550370622721,0.005394151024080789,-0.43203491040058817
Cross_sectional_momentum_3M,Bull High Vol,high_corr,False,143,0.3787421974421812,0.20537122317760656,1.8441833845175188,-0.1608856322882838,0.019453891013172676,-0.8410064250029006
Cross_sectional_momentum_3M,Bull High Vol,high_corr,True,71,0.8308833750882609,0.2802970613166841,2.964295705367798,-0.10404739458118228,0.019226368227320073,-2.312765696216676
Cross_sectional_momentum_3M,Bull High Vol,strong_breadth,False,58,-0.3490578508951969,0.3460330704696634,-1.008741304469622,-0.19671705128403294,0.03743182866801733,-1.536419902852672
Cross_sectional_momentum_3M,Bull High Vol,strong_breadth,True,156,1.0736131821306945,0.16987702999828674,6.31994320916443,-0.08587543677611775,0.016696430261993418,-0.11488873362687538
Cross_sectional_momentum_3M,Bull Low Vol,high_corr,False,415,0.2817904740460171,0.12090724955851546,2.3306333993615413,-0.07615516555286483,0.011436989793578878,-0.2664628486719855
Cross_sectional_momentum_3M,Bull Low Vol,high_corr,True,71,0.009489537606529375,0.12919763597517367,0.07344977742745125,-0.05358775277764283,0.01433846919543293,-0.3103918634019215
Cross_sectional_momentum_3M,Bull Low Vol,strong_breadth,False,128,-0.38124991705572764,0.14056462684289617,-2.712274955788389,-0.21050565459222315,0.016183659466139075,-0.12311170622417197
Cross_sectional_momentum_3M,Bull Low Vol,strong_breadth,True,358,0.5861306450986001,0.11096595325035492,5.282076420108845,-0.037658679212224766,0.010148533439160941,-0.14536347206899977
Cross_sectional_momentum_3M_w_asset_stop,Bear High Vol,high_corr,False,48,-0.09957683284828978,0.08072711805712765,-1.233499166634722,-0.043504783217979015,0.010965911883006533,-1.6312952859135808
Cross_sectional_momentum_3M_w_asset_stop,Bear High Vol,high_corr,True,114,-0.2792193467016282,0.12631518445049994,-2.2104970824869272,-0.1320386113237283,0.013972844780921196,0.18288679781660053
Cross_sectional_momentum_3M_w_asset_stop,Bear High Vol,strong_breadth,False,140,-0.256651686833853,0.1228993965056032,-2.0883071368226918,-0.15052277427463456,0.013964345190276456,0.010149271219726141
Cross_sectional_momentum_3M_w_asset_stop,Bear High Vol,strong_breadth,True,22,-0.03737418656477298,0.023266048025944643,-1.6063831091165954,-0.0046445910229648835,0.001773648620307452,-1.5789289743521193
Cross_sectional_momentum_3M_w_asset_stop,Bear Low Vol,high_corr,False,52,-0.0914203596481028,0.04119720975745521,-2.219091054620732,-0.013104751215812782,0.003210758659162826,-2.276903437880511
Cross_sectional_momentum_3M_w_asset_stop,Bear Low Vol,high_corr,True,55,-0.15881044653448273,0.07256269065408935,-2.1885964412695436,-0.05001189055396771,0.007372233220566556,-2.617372064080453
Cross_sectional_momentum_3M_w_asset_stop,Bear Low Vol,strong_breadth,False,52,-0.21060359785064964,0.0802064336950963,-2.625769382182687,-0.06253954644897197,0.009092083769191059,-2.1970437914200707
Cross_sectional_momentum_3M_w_asset_stop,Bear Low Vol,strong_breadth,True,55,-0.0392049548738187,0.027020675718162135,-1.4509242952598265,-0.01738090322311192,0.003170843445145328,-0.11308376499551931
Cross_sectional_momentum_3M_w_asset_stop,Bull High Vol,high_corr,False,143,-0.03839817482077912,0.027971734318631113,-1.372749161113091,-0.010197778878991759,0.0013605342000899353,-9.20790567331826
Cross_sectional_momentum_3M_w_asset_stop,Bull High Vol,high_corr,True,71,0.17978804986131935,0.04428644911090873,4.059662796876474,-0.008310884769376137,0.0008235309815126311,3.6992123291351984
Cross_sectional_momentum_3M_w_asset_stop,Bull High Vol,strong_breadth,False,58,0.1348710463393974,0.06462291269690079,2.0870468493424252,-0.0057207589742773735,0.0013354352369230854,-0.5623652355859416
Cross_sectional_momentum_3M_w_asset_stop,Bull High Vol,strong_breadth,True,156,-0.007653074397432569,0.009890017894984787,-0.7738180535864785,-0.012426548650202207,0.0009132609575718517,-1.4707295027299037
Cross_sectional_momentum_3M_w_asset_stop,Bull Low Vol,high_corr,False,415,0.014329032724074153,0.03446452708190191,0.41576176832551537,-0.04408360462994698,0.0014482814257339798,-1.8265470235481984
Cross_sectional_momentum_3M_w_asset_stop,Bull Low Vol,high_corr,True,71,0.004155220895611267,0.031416642701434114,0.1322617739616585,-0.013855686230487274,0.0014052670013181342,-2.285423358641821
Cross_sectional_momentum_3M_w_asset_stop,Bull Low Vol,strong_breadth,False,128,-0.036523273272127565,0.059250095668851845,-0.6164255577958178,-0.04408360462994687,0.00874642650431705,-1.451407388045571
Cross_sectional_momentum_3M_w_asset_stop,Bull Low Vol,strong_breadth,True,358,0.031091556472937487,0.017821222541419428,1.7446365646731383,-0.01360664302500969,0.0013407402237706639,2.9256890538590077
Vol_adj_cross_sectional_momentum_1M,Bear High Vol,high_corr,False,48,0.1818097348960095,0.06869552466498566,2.646602319185409,-0.030080687282374563,0.005395570943103275,-1.2635244322784922
Vol_adj_cross_sectional_momentum_1M,Bear High Vol,high_corr,True,114,-0.26110592503018626,0.1352731515597211,-1.9302124776394511,-0.14030476237769307,0.017264283153734548,-0.3543339080612286
Vol_adj_cross_sectional_momentum_1M,Bear High Vol,strong_breadth,False,140,-0.1929945363918375,0.1267302680846479,-1.5228764154663446,-0.12652338628094706,0.01633623263487928,-0.5009332264143854
Vol_adj_cross_sectional_momentum_1M,Bear High Vol,strong_breadth,True,22,0.17464494498170757,0.059988429210974366,2.911310519025189,-0.010576567605526943,0.005422789236326017,0.17040574754134197
Vol_adj_cross_sectional_momentum_1M,Bear Low Vol,high_corr,False,52,-0.2283606665710921,0.09233284350666104,-2.47323333602975,-0.044210031087872026,0.01249378168091487,-1.470160578510714
Vol_adj_cross_sectional_momentum_1M,Bear Low Vol,high_corr,True,55,-0.2106645335729268,0.0849914775891274,-2.4786547963236756,-0.06619928500645333,0.008384308138305218,-1.4936516742446553
Vol_adj_cross_sectional_momentum_1M,Bear Low Vol,strong_breadth,False,52,-0.37889989771189236,0.11709209095863495,-3.2359136694018567,-0.09502071182375427,0.018692489824509564,-0.9693864766594086
Vol_adj_cross_sectional_momentum_1M,Bear Low Vol,strong_breadth,True,55,-0.030889466710651403,0.04415269729558147,-0.6996054284942322,-0.03125322401993069,0.004340804986315352,-0.6083867118396853
Vol_adj_cross_sectional_momentum_1M,Bull High Vol,high_corr,False,143,0.4332679383622038,0.17872404947186554,2.424228522364631,-0.12472904279005981,0.01655284377959628,-0.8301000038218845
Vol_adj_cross_sectional_momentum_1M,Bull High Vol,high_corr,True,71,0.7474373201186022,0.23976300978861714,3.117400472981913,-0.08998878719331471,0.014889197215282526,-2.3119588488974547
Vol_adj_cross_sectional_momentum_1M,Bull High Vol,strong_breadth,False,58,-0.3024922864614368,0.2897757296634211,-1.0438841334737943,-0.17557973397687976,0.03663864439178694,-1.7041549445250184
Vol_adj_cross_sectional_momentum_1M,Bull High Vol,strong_breadth,True,156,1.0501780808887986,0.1523499699361691,6.893195196092244,-0.06419493383846309,0.01252696309119517,0.0032468467515080167
Vol_adj_cross_sectional_momentum_1M,Bull Low Vol,high_corr,False,415,0.26674542885825003,0.10769293881952938,2.476907323564259,-0.0692085791297391,0.011041869109092292,-0.38881756496288034
Vol_adj_cross_sectional_momentum_1M,Bull Low Vol,high_corr,True,71,-0.05092809147841282,0.1206464637676901,-0.422126682274559,-0.04864990295439031,0.01362408825037651,-0.4215448052756748
Vol_adj_cross_sectional_momentum_1M,Bull Low Vol,strong_breadth,False,128,-0.3733461993859223,0.12524713019556938,-2.9808762787854235,-0.2042502072652499,0.01699079066308017,-0.380897594215744
Vol_adj_cross_sectional_momentum_1M,Bull Low Vol,strong_breadth,True,358,0.5385382751561769,0.09969311926579842,5.401960327074774,-0.033703908190029885,0.008726140538867335,-0.19362710941490396
Vol_adj_cross_sectional_momentum_1M_w_asset_stop,Bear High Vol,high_corr,False,48,0.16483487293339527,0.06010832921785309,2.74229670127708,-0.027660939688717412,0.0041858773426815335,-1.2886370539516512
Vol_adj_cross_sectional_momentum_1M_w_asset_stop,Bear High Vol,high_corr,True,114,-0.2558245192944477,0.11323359286852876,-2.2592634642572533,-0.1264857782914549,0.015059790486672012,0.0867185691004207
Vol_adj_cross_sectional_momentum_1M_w_asset_stop,Bear High Vol,strong_breadth,False,140,-0.1895117275191921,0.10690022096134479,-1.7727907932736613,-0.11204976340746253,0.01391057960128397,-0.08339671060427756
Vol_adj_cross_sectional_momentum_1M_w_asset_stop,Bear High Vol,strong_breadth,True,22,0.149011615710807,0.04762672827277281,3.12873928390319,-0.009790791080917516,0.0036800481496872244,0.43306638708705536
Vol_adj_cross_sectional_momentum_1M_w_asset_stop,Bear Low Vol,high_corr,False,52,-0.13358278321142592,0.05299486401864683,-2.5206741386188543,-0.023864969393245894,0.00512345710548113,-2.13616230468228
Vol_adj_cross_sectional_momentum_1M_w_asset_stop,Bear Low Vol,high_corr,True,55,-0.20416235600836263,0.07538473267939755,-2.708271937192392,-0.06292116768546374,0.007672036970189258,-1.4682956342460396
Vol_adj_cross_sectional_momentum_1M_w_asset_stop,Bear Low Vol,strong_breadth,False,52,-0.2895546308461694,0.08181437314917774,-3.5391657932549903,-0.06859716500399182,0.010482853644597367,-1.4996998735695288
Vol_adj_cross_sectional_momentum_1M_w_asset_stop,Bear Low Vol,strong_breadth,True,55,-0.03989386953563967,0.04303722834996334,-0.9269618668571544,-0.030507319235653974,0.005118771705086086,-0.5007963686339297
Vol_adj_cross_sectional_momentum_1M_w_asset_stop,Bull High Vol,high_corr,False,143,0.2751521583561176,0.11708501366286231,2.3500202950686586,-0.08395922839800463,0.01083272030259125,-0.8820684722119132
Vol_adj_cross_sectional_momentum_1M_w_asset_stop,Bull High Vol,high_corr,True,71,0.36990129570182395,0.14828023743918983,2.494609545344986,-0.06388144573519838,0.008650217827577918,-3.3986142145255287
Vol_adj_cross_sectional_momentum_1M_w_asset_stop,Bull High Vol,strong_breadth,False,58,-0.21123600626066952,0.1838355616667352,-1.1490486625411844,-0.12360056808788611,0.02206847894702959,-2.3389031754401763
Vol_adj_cross_sectional_momentum_1M_w_asset_stop,Bull High Vol,strong_breadth,True,156,0.575037394917471,0.09781444860250196,5.878859443907986,-0.04933951669358039,0.00856221415648092,-0.11542290307763295
Vol_adj_cross_sectional_momentum_1M_w_asset_stop,Bull Low Vol,high_corr,False,415,0.14945479954341545,0.0708429562377051,2.1096635075749472,-0.046507885612013244,0.006526561127455259,-0.5207322496873845
Vol_adj_cross_sectional_momentum_1M_w_asset_stop,Bull Low Vol,high_corr,True,71,-0.025506125705661464,0.06387557308107529,-0.39930954002224495,-0.03258344616586406,0.0077545700148916735,-0.22709280364266737
Vol_adj_cross_sectional_momentum_1M_w_asset_stop,Bull Low Vol,strong_breadth,False,128,-0.236602968067693,0.0846410460651439,-2.7953691390533115,-0.12033306429498203,0.010107557537082592,-0.5849038768265028
Vol_adj_cross_sectional_momentum_1M_w_asset_stop,Bull Low Vol,strong_breadth,True,358,0.28771436051422317,0.06168717386856969,4.664087240035109,-0.027088314116926915,0.005348568332318119,-0.02157608665347233
Vol_adj_cross_sectional_momentum_2M,Bear High Vol,high_corr,False,48,0.25974923417182194,0.08596798747114036,3.0214646383227284,-0.04327744390609489,0.009045191933464024,-0.9765298854270257
Vol_adj_cross_sectional_momentum_2M,Bear High Vol,high_corr,True,114,-0.2787224588065892,0.13505325775199106,-2.0637966343502,-0.14862577225550622,0.015842058269943303,-0.34787873615793147
Vol_adj_cross_sectional_momentum_2M,Bear High Vol,strong_breadth,False,140,-0.20772192300804548,0.1284017439285394,-1.6177500137665644,-0.1404179715619941,0.015394591949152733,-0.5100283145564225
Vol_adj_cross_sectional_momentum_2M,Bear High Vol,strong_breadth,True,22,0.33973869182715233,0.08081245476377381,4.204038756405264,-0.013001456141385925,0.00625981335737637,0.5639021245186919
Vol_adj_cross_sectional_momentum_2M,Bear Low Vol,high_corr,False,52,-0.09270749316754279,0.05781269490006149,-1.6035836649338446,-0.020059967580594806,0.0037778963416767973,-4.012652313805521
Vol_adj_cross_sectional_momentum_2M,Bear Low Vol,high_corr,True,55,-0.186291204918261,0.08647831430197603,-2.1541956087134815,-0.06396390262606688,0.008010924758895975,-1.4102071498250246
Vol_adj_cross_sectional_momentum_2M,Bear Low Vol,strong_breadth,False,52,-0.25844948522137356,0.09379028749685771,-2.7556103315072202,-0.07185596557563534,0.012294584813586341,-1.89736105069836
Vol_adj_cross_sectional_momentum_2M,Bear Low Vol,strong_breadth,True,55,-0.01531561123463343,0.04685570178298329,-0.32686760952955446,-0.03125322401993069,0.004602891872211138,-0.3261106222964473
Vol_adj_cross_sectional_momentum_2M,Bull High Vol,high_corr,False,143,0.4181698818549142,0.18416736497107358,2.2705970839111176,-0.1364161460837482,0.01674173907100859,-0.8859960970644947
Vol_adj_cross_sectional_momentum_2M,Bull High Vol,high_corr,True,71,0.6781015056241995,0.24108340731297245,2.8127257416098064,-0.09251084256571107,0.014889197215282526,-2.3527465332888466
Vol_adj_cross_sectional_momentum_2M,Bull High Vol,strong_breadth,False,58,-0.32148402434041123,0.2977771576047469,-1.0796127779792013,-0.1786491218128584,0.03919362066444906,-1.624085453263671
Vol_adj_cross_sectional_momentum_2M,Bull High Vol,strong_breadth,True,156,1.0138654533584979,0.15344846750896232,6.607204814862566,-0.07363322865599742,0.01294278357280128,-0.1370346174901008
Vol_adj_cross_sectional_momentum_2M,Bull Low Vol,high_corr,False,415,0.24697786489396,0.10400826092482664,2.37459854340288,-0.06894017753118509,0.010521888245396266,-0.19377174439912515
Vol_adj_cross_sectional_momentum_2M,Bull Low Vol,high_corr,True,71,0.021139143411872174,0.1141331082597655,0.18521482271173895,-0.04317545136967782,0.012216197827958205,-0.35095650650688526
Vol_adj_cross_sectional_momentum_2M,Bull Low Vol,strong_breadth,False,128,-0.3287937856193044,0.11976006403849923,-2.745437623627248,-0.17461534762433062,0.014930136915876155,-0.22906951509850337
Vol_adj_cross_sectional_momentum_2M,Bull Low Vol,strong_breadth,True,358,0.49564724285045725,0.0967204128161712,5.124536056235559,-0.030967973075019528,0.00833193202349829,-0.016931965936161752
Vol_adj_cross_sectional_momentum_2M_w_asset_stop,Bear High Vol,high_corr,False,48,0.06266908018055739,0.052251563260992714,1.1993723492545083,-0.026232481356325388,0.006963382113886447,-1.6285096043761413
Vol_adj_cross_sectional_momentum_2M_w_asset_stop,Bear High Vol,high_corr,True,114,-0.2513712705565464,0.10017346434978044,-2.509359860799277,-0.12857578223312238,0.01194466504766441,0.24991038543105915
Vol_adj_cross_sectional_momentum_2M_w_asset_stop,Bear High Vol,strong_breadth,False,140,-0.21428208572517882,0.09393861772916914,-2.2810862125198326,-0.13340651655882163,0.011573508607230455,0.10089069110984428
Vol_adj_cross_sectional_momentum_2M_w_asset_stop,Bear High Vol,strong_breadth,True,22,0.1818230741739939,0.04330540584377588,4.198623027109366,-0.007352029070609278,0.0029213623613093768,-0.04648466033045255
Vol_adj_cross_sectional_momentum_2M_w_asset_stop,Bear Low Vol,high_corr,False,52,-0.09797178288981079,0.040404597958994204,-2.4247681659706237,-0.013679371507892002,0.0022811508482201226,-4.8008744446167
Vol_adj_cross_sectional_momentum_2M_w_asset_stop,Bear Low Vol,high_corr,True,55,-0.17460544095236608,0.06985863736665697,-2.499410918022057,-0.05320690627989888,0.006830707446139085,-1.8755102238637333
Vol_adj_cross_sectional_momentum_2M_w_asset_stop,Bear Low Vol,strong_breadth,False,52,-0.226687888887248,0.07546137992141005,-3.0040252261929767,-0.05590530367641122,0.009636019289321647,-2.1204810586509484
Vol_adj_cross_sectional_momentum_2M_w_asset_stop,Bear Low Vol,strong_breadth,True,55,-0.045271879749195554,0.03120420862802491,-1.4508260821117662,-0.025026875480906208,0.0027509510072364417,-0.41159314221248816
Vol_adj_cross_sectional_momentum_2M_w_asset_stop,Bull High Vol,high_corr,False,143,0.06916135462214612,0.03452292747097467,2.003345593455071,-0.02213269389667527,0.003565142386384856,-1.306708238366845
Vol_adj_cross_sectional_momentum_2M_w_asset_stop,Bull High Vol,high_corr,True,71,0.16115327874189367,0.05640014532159784,2.857320275027407,-0.022020069910385076,0.003350727418610877,-2.866729853741816
Vol_adj_cross_sectional_momentum_2M_w_asset_stop,Bull High Vol,strong_breadth,False,58,-0.003909262999886143,0.06953720703149299,-0.056218291857992805,-0.042780202364765874,0.006759768792491974,-1.9597104995509613
Vol_adj_cross_sectional_momentum_2M_w_asset_stop,Bull High Vol,strong_breadth,True,156,0.13969464305714285,0.027197010113915305,5.136397069826007,-0.010476321987741288,0.002184271101970882,-0.16757176089870315
Vol_adj_cross_sectional_momentum_2M_w_asset_stop,Bull Low Vol,high_corr,False,415,0.05584278689477529,0.0407020578715764,1.371989275602995,-0.050170123057270755,0.003443580389990929,-1.5232338099373808
Vol_adj_cross_sectional_momentum_2M_w_asset_stop,Bull Low Vol,high_corr,True,71,0.01260350166831592,0.03491701919980603,0.36095583062788855,-0.017508627885866823,0.004408035529420829,-0.5805088341845347
Vol_adj_cross_sectional_momentum_2M_w_asset_stop,Bull Low Vol,strong_breadth,False,128,-0.12689727341650392,0.057824927048653926,-2.1945081454185402,-0.06285323173976687,0.005721299210243266,-1.4300398481012866
Vol_adj_cross_sectional_momentum_2M_w_asset_stop,Bull Low Vol,strong_breadth,True,358,0.12074564071749094,0.030119869454319704,4.008836787975319,-0.01651038713166264,0.002426322672882543,0.16893856203019741
Vol_adj_cross_sectional_momentum_3M,Bear High Vol,high_corr,False,48,0.15844068946684686,0.13680894368373278,1.1581164593531337,-0.08076932955172866,0.019654747666369637,-1.3527528439694556
Vol_adj_cross_sectional_momentum_3M,Bear High Vol,high_corr,True,114,-0.23469089377966912,0.1348300128476756,-1.7406428199692563,-0.12209129132628527,0.015638519083190326,0.13979194493926617
Vol_adj_cross_sectional_momentum_3M,Bear High Vol,strong_breadth,False,140,-0.18217029765513515,0.1436772856206965,-1.2679129959070843,-0.14377217398744824,0.018160911304162714,-0.22768785987922988
Vol_adj_cross_sectional_momentum_3M,Bear High Vol,strong_breadth,True,22,0.23938586714719778,0.0597880774110001,4.003906422706852,-0.010576567605526943,0.0054071132739193,0.08937832654016052
Vol_adj_cross_sectional_momentum_3M,Bear Low Vol,high_corr,False,52,-0.09951469959814596,0.05318726126493942,-1.871025076896471,-0.017976508652245426,0.003092019763579248,-4.075320714134056
Vol_adj_cross_sectional_momentum_3M,Bear Low Vol,high_corr,True,55,-0.17159154259466958,0.07702835591678979,-2.2276412439599786,-0.05384004981657642,0.008384308138305218,-1.0418257313560475
Vol_adj_cross_sectional_momentum_3M,Bear Low Vol,strong_breadth,False,52,-0.26871557346961716,0.0838054081370284,-3.2064228245299655,-0.06466394907690665,0.011116452358668422,-1.6090746510848846
Vol_adj_cross_sectional_momentum_3M,Bear Low Vol,strong_breadth,True,55,0.008566286592723849,0.04225624702558832,0.20272237114518296,-0.02448181421443718,0.0031724280989968395,-0.35430065265864624
Vol_adj_cross_sectional_momentum_3M,Bull High Vol,high_corr,False,143,0.32915247793596425,0.17010149203585323,1.935035807132056,-0.1317444421897177,0.016577692832857566,-0.9384937278491581
Vol_adj_cross_sectional_momentum_3M,Bull High Vol,high_corr,True,71,0.7155644206024485,0.23811808403383336,3.005082220050017,-0.08748579602144013,0.014889197215282526,-2.3786374995415347
Vol_adj_cross_sectional_momentum_3M,Bull High Vol,strong_breadth,False,58,-0.2849929579360687,0.2906456743684369,-0.9805511764637428,-0.16766433684512916,0.03301273178445117,-1.6676317660491575
Vol_adj_cross_sectional_momentum_3M,Bull High Vol,strong_breadth,True,156,0.879874393439644,0.14209782831231962,6.192032657288405,-0.06750698062242333,0.012799694725682218,-0.08683016631445757
Vol_adj_cross_sectional_momentum_3M,Bull Low Vol,high_corr,False,415,0.24467070803190816,0.10088081615163805,2.4253442563760954,-0.06383926132740181,0.010065821660988194,-0.25742696936229537
Vol_adj_cross_sectional_momentum_3M,Bull Low Vol,high_corr,True,71,-0.022741119542107446,0.11669527145794674,-0.19487610130203623,-0.05146536675515401,0.013376375547827358,-0.28433662754976147
Vol_adj_cross_sectional_momentum_3M,Bull Low Vol,strong_breadth,False,128,-0.3101590936636127,0.11985043462763731,-2.5878845965577377,-0.16740704277902851,0.01439657681122375,-0.22386339774471484
Vol_adj_cross_sectional_momentum_3M,Bull Low Vol,strong_breadth,True,358,0.4650805995763294,0.09386538953277569,4.954761301170904,-0.033462438488255364,0.007934432932869303,-0.07767294811273465
Vol_adj_cross_sectional_momentum_3M_w_asset_stop,Bear High Vol,high_corr,False,48,-0.14483173472939503,0.07945874232737574,-1.822728758185951,-0.04991489440037622,0.011315893831950826,-2.073595805386469
Vol_adj_cross_sectional_momentum_3M_w_asset_stop,Bear High Vol,high_corr,True,114,-0.2229085583444489,0.10592984011072686,-2.104303736430131,-0.11525681885172068,0.013147171808207209,0.3204843255665496
Vol_adj_cross_sectional_momentum_3M_w_asset_stop,Bear High Vol,strong_breadth,False,140,-0.2268847297017933,0.10559411298161035,-2.1486494208375633,-0.1416829538990788,0.01391057960128397,0.011047453728003006
Vol_adj_cross_sectional_momentum_3M_w_asset_stop,Bear High Vol,strong_breadth,True,22,-0.010608192337310585,0.023541828928902737,-0.4506103739581045,-0.0031653130842324018,0.00197639685486514,-0.7808422369194696
Vol_adj_cross_sectional_momentum_3M_w_asset_stop,Bear Low Vol,high_corr,False,52,-0.101832300756873,0.0414687286665165,-2.455640769115173,-0.010795461030709053,0.002515410058781352,-4.575961449808546
Vol_adj_cross_sectional_momentum_3M_w_asset_stop,Bear Low Vol,high_corr,True,55,-0.14433404678344952,0.06330411599353074,-2.2800104624824002,-0.04254512605062499,0.005373259712193482,-1.9993592782756835
Vol_adj_cross_sectional_momentum_3M_w_asset_stop,Bear Low Vol,strong_breadth,False,52,-0.21734879100370608,0.07315828090332856,-2.970939014968258,-0.05457004915588193,0.009271556142207338,-1.974027368796735
Vol_adj_cross_sectional_momentum_3M_w_asset_stop,Bear Low Vol,strong_breadth,True,55,-0.025387008208883954,0.022108494249454453,-1.1482920511201435,-0.014719364207512409,0.0020697441246496076,0.3492308278752158
Vol_adj_cross_sectional_momentum_3M_w_asset_stop,Bull High Vol,high_corr,False,143,-0.027180501091317977,0.016804269132368203,-1.6174759447861489,-0.011127190114372798,0.001544308686446703,-4.036835363357465
Vol_adj_cross_sectional_momentum_3M_w_asset_stop,Bull High Vol,high_corr,True,71,0.11070691787854203,0.030325325614914453,3.6506423470716074,-0.01128481740877152,0.001042343203651619,2.642298092896152
Vol_adj_cross_sectional_momentum_3M_w_asset_stop,Bull High Vol,strong_breadth,False,58,0.09314924491256393,0.038355372838753614,2.428584003189444,-0.004930188444607353,0.0023773066511478353,0.7949347093394191
Vol_adj_cross_sectional_momentum_3M_w_asset_stop,Bull High Vol,strong_breadth,True,156,-0.010530614658451287,0.011982165929562139,-0.8788573552023999,-0.010777878501597726,0.0012135020343202556,-1.6397510628181287
Vol_adj_cross_sectional_momentum_3M_w_asset_stop,Bull Low Vol,high_corr,False,415,0.01697174302899529,0.029343458633609286,0.5783825022438311,-0.04003964535276705,0.001856720255080624,-2.0397864960448118
Vol_adj_cross_sectional_momentum_3M_w_asset_stop,Bull Low Vol,high_corr,True,71,0.02215880815984206,0.021966161784117647,1.0087701428049984,-0.007542852923488552,0.0020456921768918484,0.2521558129472728
Vol_adj_cross_sectional_momentum_3M_w_asset_stop,Bull Low Vol,strong_breadth,False,128,-0.032372353661790254,0.043206915090919,-0.7492401064429176,-0.04003964535276705,0.004491717184503779,-2.2312386350307816
Vol_adj_cross_sectional_momentum_3M_w_asset_stop,Bull Low Vol,strong_breadth,True,358,0.03626351286119878,0.020596341484311196,1.760677394517939,-0.021815504907339522,0.0015706928507050238,1.0176983409128089
Wei_adj_cross_sectional_momentum_1M,Bear High Vol,high_corr,False,48,0.196283391136979,0.07616837961605326,2.576966874264584,-0.03380465587304826,0.006287804188554243,-1.1114869939384315
Wei_adj_cross_sectional_momentum_1M,Bear High Vol,high_corr,True,114,-0.30114163225774215,0.14858913347900934,-2.0266733186130557,-0.16581968592223528,0.017271795423014807,-0.688006067783259
Wei_adj_cross_sectional_momentum_1M,Bear High Vol,strong_breadth,False,140,-0.2276364516175442,0.1392651969818096,-1.6345537618223265,-0.1524462403833744,0.016336232634879284,-0.825194473824032
Wei_adj_cross_sectional_momentum_1M,Bear High Vol,strong_breadth,True,22,0.19490735597598619,0.06738664495650967,2.892373646169452,-0.01166827482714805,0.006122761917173552,0.2006810136845423
Wei_adj_cross_sectional_momentum_1M,Bear Low Vol,high_corr,False,52,-0.2210396613736153,0.0932400947874425,-2.3706503288903216,-0.04448345976850787,0.01249378168091487,-1.4374763284805014
Wei_adj_cross_sectional_momentum_1M,Bear Low Vol,high_corr,True,55,-0.21243339528330474,0.08906422760134503,-2.3851708031889634,-0.07028533940644266,0.008935298821784426,-1.311192240245719
Wei_adj_cross_sectional_momentum_1M,Bear Low Vol,strong_breadth,False,52,-0.37509261119918846,0.11793886543110786,-3.180398673737394,-0.0951569552930347,0.01869248982450956,-0.9548556108363918
Wei_adj_cross_sectional_momentum_1M,Bear Low Vol,strong_breadth,True,55,-0.030010583772408173,0.051353166499193185,-0.5843959743530065,-0.035674706507418774,0.005451781957557975,-0.616048146493536
Wei_adj_cross_sectional_momentum_1M,Bull High Vol,high_corr,False,143,0.4285044623398675,0.1805891364133473,2.3728141728252754,-0.12795048421459854,0.016546894937402336,-0.823568763683569
Wei_adj_cross_sectional_momentum_1M,Bull High Vol,high_corr,True,71,0.7462638604864229,0.24054503482322748,3.1023872973925224,-0.0906702551221048,0.014930101473338613,-2.3071473173439334
Wei_adj_cross_sectional_momentum_1M,Bull High Vol,strong_breadth,False,58,-0.3102653134133295,0.2911482235883278,-1.0656610216933096,-0.17629809688774511,0.03680083489046553,-1.6860188730570267
Wei_adj_cross_sectional_momentum_1M,Bull High Vol,strong_breadth,True,156,1.051837724138228,0.15386737827205121,6.836002120465621,-0.0677491160630691,0.012909822684413137,-0.02527184601341449
Wei_adj_cross_sectional_momentum_1M,Bull Low Vol,high_corr,False,415,0.27328392702460214,0.10822096499879398,2.5252401605146253,-0.06920857912973943,0.011044143170821264,-0.3931874686306776
Wei_adj_cross_sectional_momentum_1M,Bull Low Vol,high_corr,True,71,-0.042715951174675304,0.12098659563969438,-0.35306350219065646,-0.04864990295439042,0.01362408825037651,-0.4282777013111017
Wei_adj_cross_sectional_momentum_1M,Bull Low Vol,strong_breadth,False,128,-0.3737895762388309,0.12581519029300775,-2.9709415482210217,-0.2045362341930218,0.01699079066308017,-0.36947544616445815
Wei_adj_cross_sectional_momentum_1M,Bull Low Vol,strong_breadth,True,358,0.5507871221095615,0.1000936044097752,5.502720432113556,-0.033526698704041014,0.008742489065780347,-0.20738502774869322
Wei_adj_cross_sectional_momentum_1M_w_asset_stop,Bear High Vol,high_corr,False,48,0.17701537999005512,0.06751454261161646,2.6218851989911593,-0.031394198808941565,0.00541277128960501,-1.186183631439833
Wei_adj_cross_sectional_momentum_1M_w_asset_stop,Bear High Vol,high_corr,True,114,-0.2930833572569729,0.1196942504616174,-2.4486001301370486,-0.1480019830493805,0.015153932939777712,-0.0397138932767314
Wei_adj_cross_sectional_momentum_1M_w_asset_stop,Bear High Vol,strong_breadth,False,140,-0.22141191715996633,0.11363645262683669,-1.9484233451658899,-0.13348449662925777,0.013910579601283973,-0.2093144253894585
Wei_adj_cross_sectional_momentum_1M_w_asset_stop,Bear High Vol,strong_breadth,True,22,0.1629609412901829,0.05368657690346677,3.035413145881905,-0.011804022541323289,0.004295826073262211,0.4279017627041435
Wei_adj_cross_sectional_momentum_1M_w_asset_stop,Bear Low Vol,high_corr,False,52,-0.1304854377054142,0.05405910988761289,-2.4137548320105373,-0.024236655015574482,0.00512345710548113,-2.0014128335036423
Wei_adj_cross_sectional_momentum_1M_w_asset_stop,Bear Low Vol,high_corr,True,55,-0.20883494915644585,0.07978096823614796,-2.61760359360774,-0.0674593811603067,0.008586185713347546,-1.2563113692685188
Wei_adj_cross_sectional_momentum_1M_w_asset_stop,Bear Low Vol,strong_breadth,False,52,-0.28870863066401575,0.08248899256469204,-3.499965531008223,-0.06836840768245178,0.010482853644597367,-1.4674426143756383
Wei_adj_cross_sectional_momentum_1M_w_asset_stop,Bear Low Vol,strong_breadth,True,55,-0.043382212125003816,0.05045516503428998,-0.8598170691845068,-0.0350786287364232,0.006428878335697139,-0.5522663532725356
Wei_adj_cross_sectional_momentum_1M_w_asset_stop,Bull High Vol,high_corr,False,143,0.27121852151983883,0.11859633541964813,2.2869047391737993,-0.0862402666811729,0.011555213366411198,-0.8769156397069918
Wei_adj_cross_sectional_momentum_1M_w_asset_stop,Bull High Vol,high_corr,True,71,0.372245984274834,0.1487910943431054,2.5018028526388276,-0.06398872783957688,0.008668215439777072,-3.38528429601345
Wei_adj_cross_sectional_momentum_1M_w_asset_stop,Bull High Vol,strong_breadth,False,58,-0.21766395049226872,0.18506162415075514,-1.1761701081524878,-0.12379216079797606,0.02208572319242159,-2.303560176693288
Wei_adj_cross_sectional_momentum_1M_w_asset_stop,Bull High Vol,strong_breadth,True,156,0.5765950833372631,0.09891251334980736,5.829344173048313,-0.051722425379148285,0.008851398003995514,-0.14126747268085105
Wei_adj_cross_sectional_momentum_1M_w_asset_stop,Bull Low Vol,high_corr,False,415,0.15316503938216108,0.07129909888946215,2.1482044200813672,-0.046507885612013244,0.006519984248522474,-0.5217682711064107
Wei_adj_cross_sectional_momentum_1M_w_asset_stop,Bull Low Vol,high_corr,True,71,-0.020220068376673006,0.06413636323924926,-0.3152668370241956,-0.03258344616586406,0.0077545700148916735,-0.23304541957304672
Wei_adj_cross_sectional_momentum_1M_w_asset_stop,Bull Low Vol,strong_breadth,False,128,-0.23714309496583985,0.08548512142839743,-2.774086191881608,-0.12064925467715903,0.010107557537082593,-0.5578546502852019
Wei_adj_cross_sectional_momentum_1M_w_asset_stop,Bull Low Vol,strong_breadth,True,358,0.29424887342051975,0.06188053176350864,4.75511223053258,-0.026954631844429033,0.00534856833231812,-0.03357033863512281
Wei_adj_cross_sectional_momentum_2M,Bear High Vol,high_corr,False,48,0.28532413117861277,0.09801487450341333,2.9110288884640307,-0.05092383279462975,0.011715164851122537,-1.0320276944727487
Wei_adj_cross_sectional_momentum_2M,Bear High Vol,high_corr,True,114,-0.3090470206000574,0.15055867461300493,-2.0526683128317242,-0.16535735225057602,0.016966316508203825,-0.6947220478797999
Wei_adj_cross_sectional_momentum_2M,Bear High Vol,strong_breadth,False,140,-0.23157734413403985,0.14400584554029486,-1.608110721236252,-0.15756128184459706,0.016941039737454654,-0.8251673864297231
Wei_adj_cross_sectional_momentum_2M,Bear High Vol,strong_breadth,True,22,0.3611189125317218,0.08643904651495862,4.177729013579861,-0.013705039142080322,0.006624973408636589,0.5629094719167128
Wei_adj_cross_sectional_momentum_2M,Bear Low Vol,high_corr,False,52,-0.08385923447571553,0.06167545732491009,-1.3596856531430312,-0.022182959527288326,0.004157152616412671,-3.2169583406246915
Wei_adj_cross_sectional_momentum_2M,Bear Low Vol,high_corr,True,55,-0.1908768547822295,0.09031634249718634,-2.113425427830804,-0.06842944268102791,0.00872686704112503,-1.2335637125602648
Wei_adj_cross_sectional_momentum_2M,Bear Low Vol,strong_breadth,False,52,-0.25412455492537334,0.0956203175507209,-2.6576418216826707,-0.07368590503216299,0.012294584813586338,-1.7686613474939248
Wei_adj_cross_sectional_momentum_2M,Bear Low Vol,strong_breadth,True,55,-0.017257275096621227,0.05475029702084624,-0.3151996616575523,-0.035674706507418774,0.005451781957557975,-0.32892979456318794
Wei_adj_cross_sectional_momentum_2M,Bull High Vol,high_corr,False,143,0.4140620152656349,0.18456904039664365,2.243399079151113,-0.13641614608374797,0.01674173907100859,-0.882769984267353
Wei_adj_cross_sectional_momentum_2M,Bull High Vol,high_corr,True,71,0.6945818343317889,0.24136813581783764,2.8776865346302176,-0.09251084256571118,0.014930101473338613,-2.350432489130134
Wei_adj_cross_sectional_momentum_2M,Bull High Vol,strong_breadth,False,58,-0.3199615506877843,0.29857457198654935,-1.0716302750061328,-0.17866718017228256,0.03919362066444906,-1.612257269569139
Wei_adj_cross_sectional_momentum_2M,Bull High Vol,strong_breadth,True,156,1.0157907204928773,0.15355285515416137,6.615251272749446,-0.07363322865599742,0.01294278357280128,-0.1380992323352147
Wei_adj_cross_sectional_momentum_2M,Bull Low Vol,high_corr,False,415,0.25313927304798445,0.10479920987521932,2.415469289791291,-0.06894017753118575,0.01056370451526496,-0.20155698810655698
Wei_adj_cross_sectional_momentum_2M,Bull Low Vol,high_corr,True,71,0.020838814600130817,0.11483699136734848,0.18146430302645408,-0.043175451369677376,0.012216197827958205,-0.354390246038819
Wei_adj_cross_sectional_momentum_2M,Bull Low Vol,strong_breadth,False,128,-0.3345391930828391,0.1204852587625705,-2.77659853594277,-0.17821158414720983,0.014930136915876155,-0.2124936955940755
Wei_adj_cross_sectional_momentum_2M,Bull Low Vol,strong_breadth,True,358,0.50875990556067,0.09740696301849436,5.223034265672294,-0.030967973075019306,0.008334108462938259,-0.03834620655004439
Wei_adj_cross_sectional_momentum_2M_w_asset_stop,Bear High Vol,high_corr,False,48,0.054426205664976246,0.060366816435597,0.9015914517049518,-0.030708214921123078,0.008758756496727691,-1.7007971344824198
Wei_adj_cross_sectional_momentum_2M_w_asset_stop,Bear High Vol,high_corr,True,114,-0.27418648287431635,0.10654914036219282,-2.5733335993352306,-0.13986193808794734,0.012200818281205197,0.13426174880004296
Wei_adj_cross_sectional_momentum_2M_w_asset_stop,Bear High Vol,strong_breadth,False,140,-0.23743255047667555,0.10083677376101728,-2.354622640341406,-0.14768387112118064,0.011661561366533343,-0.028954371182592396
Wei_adj_cross_sectional_momentum_2M_w_asset_stop,Bear High Vol,strong_breadth,True,22,0.19722614424845553,0.04577115248558809,4.308961726724182,-0.007627419914800981,0.0030892509587370086,-0.006813141436608321
Wei_adj_cross_sectional_momentum_2M_w_asset_stop,Bear Low Vol,high_corr,False,52,-0.10400296435882883,0.04219763491955885,-2.464663352746882,-0.01571811477599583,0.002627718776732023,-4.114659169614411
Wei_adj_cross_sectional_momentum_2M_w_asset_stop,Bear Low Vol,high_corr,True,55,-0.18045092730948809,0.07150021113722149,-2.5237817404926397,-0.056271397039877935,0.007017162679833019,-1.745361749335917
Wei_adj_cross_sectional_momentum_2M_w_asset_stop,Bear Low Vol,strong_breadth,False,52,-0.22927844183861568,0.07657861393011288,-2.9940270536609557,-0.05753375298550867,0.009636019289321646,-2.003553630754019
Wei_adj_cross_sectional_momentum_2M_w_asset_stop,Bear Low Vol,strong_breadth,True,55,-0.055033828052456824,0.034509133609482746,-1.5947612210505948,-0.02825937200993678,0.003081986669159268,-0.4771104611889803
Wei_adj_cross_sectional_momentum_2M_w_asset_stop,Bull High Vol,high_corr,False,143,0.06657196090184181,0.036216574307875,1.8381628349472656,-0.02213269389667538,0.003565142386384856,-1.7075048001836048
Wei_adj_cross_sectional_momentum_2M_w_asset_stop,Bull High Vol,high_corr,True,71,0.17313453535027135,0.05770277125343251,3.0004544251411884,-0.022020069910384743,0.0033616879763023314,-2.5223770891885557
Wei_adj_cross_sectional_momentum_2M_w_asset_stop,Bull High Vol,strong_breadth,False,58,-0.0016750384461614587,0.07284114519990495,-0.02299577308352978,-0.04280124796124851,0.006975409486882024,-1.7614612405963785
Wei_adj_cross_sectional_momentum_2M_w_asset_stop,Bull High Vol,strong_breadth,True,156,0.14153830818031343,0.027323839790630643,5.180029939600472,-0.010476321987741621,0.002598147309539421,-0.13553251270198585
Wei_adj_cross_sectional_momentum_2M_w_asset_stop,Bull Low Vol,high_corr,False,415,0.05659073801689973,0.04128108682341151,1.3708635690474542,-0.050170123057270755,0.0034046771901396155,-1.480406783568444
Wei_adj_cross_sectional_momentum_2M_w_asset_stop,Bull Low Vol,high_corr,True,71,0.009746975068695374,0.03535171760563572,0.27571432815308317,-0.018294921447264745,0.004303963748734192,-0.8413461253058556
Wei_adj_cross_sectional_momentum_2M_w_asset_stop,Bull Low Vol,strong_breadth,False,128,-0.13181598376038628,0.05919716843184469,-2.2267278529065053,-0.06401179126985068,0.006478660503977326,-1.3423460914859104
Wei_adj_cross_sectional_momentum_2M_w_asset_stop,Bull Low Vol,strong_breadth,True,358,0.12330450308035146,0.030119376770726337,4.093859710941753,-0.016418364931981566,0.0025496640328258203,0.16034210628837745
Wei_adj_cross_sectional_momentum_3M,Bear High Vol,high_corr,False,48,0.1800646037525815,0.13787377246781043,1.3060105669816309,-0.08076932955172866,0.019654747666369644,-1.33920521767507
Wei_adj_cross_sectional_momentum_3M,Bear High Vol,high_corr,True,114,-0.24754382556948518,0.14012273333380973,-1.7666214445001565,-0.13022798656372847,0.016506897259439036,0.14904984741158553
Wei_adj_cross_sectional_momentum_3M,Bear High Vol,strong_breadth,False,140,-0.19138231080616586,0.14771958074822783,-1.295578486188344,-0.1456786326222509,0.01816091130416272,-0.19821054375251346
Wei_adj_cross_sectional_momentum_3M,Bear High Vol,strong_breadth,True,22,0.27034570486233234,0.06592478532343614,4.100820405193264,-0.01166827482714805,0.006096423562364727,0.07829050248697361
Wei_adj_cross_sectional_momentum_3M,Bear Low Vol,high_corr,False,52,-0.09506707346732268,0.05585382426135149,-1.70206919086658,-0.020062408158155076,0.0037639797365942524,-3.481120995085549
Wei_adj_cross_sectional_momentum_3M,Bear Low Vol,high_corr,True,55,-0.1691154170593676,0.08025446692020638,-2.107239927560816,-0.05516828528165796,0.008861065145569837,-1.0953540114211204
Wei_adj_cross_sectional_momentum_3M,Bear Low Vol,strong_breadth,False,52,-0.2640243818435877,0.08622213757076874,-3.062141455573214,-0.06557959818186465,0.011563713968403602,-1.6033475414664535
Wei_adj_cross_sectional_momentum_3M,Bear Low Vol,strong_breadth,True,55,0.010178330324698281,0.04675560928222847,0.21769217599666707,-0.026814689321946528,0.0037328912073144255,-0.38066379500110425
Wei_adj_cross_sectional_momentum_3M,Bull High Vol,high_corr,False,143,0.32469245386541545,0.1705656393758696,1.9036217086484923,-0.1317444421897177,0.016577692832857566,-0.9336495802109772
Wei_adj_cross_sectional_momentum_3M,Bull High Vol,high_corr,True,71,0.7324126657627146,0.23840279014480456,3.0721648237331918,-0.08748579602144002,0.014930101473338613,-2.376195640718291
Wei_adj_cross_sectional_momentum_3M,Bull High Vol,strong_breadth,False,58,-0.2833886045795725,0.2914608813986219,-0.9723040814934981,-0.16768263671789474,0.03301273178445117,-1.655020271989534
Wei_adj_cross_sectional_momentum_3M,Bull High Vol,strong_breadth,True,156,0.8808776347280545,0.14225368385673198,6.192301041674345,-0.06750698062242333,0.012799694725682218,-0.08743669053151613
Wei_adj_cross_sectional_momentum_3M,Bull Low Vol,high_corr,False,415,0.25228704543677205,0.10152942224450406,2.4848663555792934,-0.06383926132740203,0.010065821660988194,-0.2674664592463218
Wei_adj_cross_sectional_momentum_3M,Bull Low Vol,high_corr,True,71,-0.0224386599256734,0.11709366464760647,-0.19163000827758336,-0.05146536675515423,0.013376375547827358,-0.2884124181232918
Wei_adj_cross_sectional_momentum_3M,Bull Low Vol,strong_breadth,False,128,-0.3153510152389266,0.12055764710519752,-2.6157694912853944,-0.1705958465842865,0.01439657681122375,-0.20784447647932514
Wei_adj_cross_sectional_momentum_3M,Bull Low Vol,strong_breadth,True,358,0.47955975821551355,0.09431348699624426,5.084742103052669,-0.03346243848825514,0.0077667738329945885,-0.09937578939307674
Wei_adj_cross_sectional_momentum_3M_w_asset_stop,Bear High Vol,high_corr,False,48,-0.14416610223985749,0.07961205222461883,-1.8108577559727357,-0.04991489440037622,0.01131589383195083,-2.0626696451810056
Wei_adj_cross_sectional_momentum_3M_w_asset_stop,Bear High Vol,high_corr,True,114,-0.23121709511842092,0.10962005887450221,-2.1092589941328916,-0.11919275438987298,0.013556262616864235,0.2931538602716779
Wei_adj_cross_sectional_momentum_3M_w_asset_stop,Bear High Vol,strong_breadth,False,140,-0.23322677100541034,0.10865184873124428,-2.1465513355627137,-0.1441336625941596,0.014707225928825328,0.013041892580258847
Wei_adj_cross_sectional_momentum_3M_w_asset_stop,Bear High Vol,strong_breadth,True,22,-0.012176352389882794,0.023573419583079173,-0.5165288959020137,-0.0032365298435526046,0.0018822090268587504,-0.7818223377653585
Wei_adj_cross_sectional_momentum_3M_w_asset_stop,Bear Low Vol,high_corr,False,52,-0.10749690332316209,0.042972805283732055,-2.5015100274092767,-0.012938981290195106,0.0028708479101038622,-4.051559153650651
Wei_adj_cross_sectional_momentum_3M_w_asset_stop,Bear Low Vol,high_corr,True,55,-0.13983819033604306,0.06407088953751477,-2.182554219949842,-0.04205702554264579,0.005769090252809272,-2.179690135126625
Wei_adj_cross_sectional_momentum_3M_w_asset_stop,Bear Low Vol,strong_breadth,False,52,-0.2139059952414688,0.0741343430546646,-2.885383297775236,-0.0539967375031144,0.00957965866406108,-2.059479507783467
Wei_adj_cross_sectional_momentum_3M_w_asset_stop,Bear Low Vol,strong_breadth,True,55,-0.03014228064783464,0.024010305169593484,-1.2553893186666638,-0.015935377884456203,0.0022987459181537805,0.28790801742950184
Wei_adj_cross_sectional_momentum_3M_w_asset_stop,Bull High Vol,high_corr,False,143,-0.03136509304987001,0.019675388609588874,-1.5941282620758053,-0.011216691365386167,0.0016428433837226081,-5.9527137868721525
Wei_adj_cross_sectional_momentum_3M_w_asset_stop,Bull High Vol,high_corr,True,71,0.12219365803209703,0.03274919580405254,3.7311956838029046,-0.010778989414452544,0.001001828953496397,3.1014890230194827
Wei_adj_cross_sectional_momentum_3M_w_asset_stop,Bull High Vol,strong_breadth,False,58,0.09456894044166719,0.044013664550032236,2.1486268277926865,-0.0040001209841468155,0.0022309250356303783,0.19246658112380086
Wei_adj_cross_sectional_momentum_3M_w_asset_stop,Bull High Vol,strong_breadth,True,156,-0.010284615752801596,0.011911277734258152,-0.8634351395586977,-0.011162967237470123,0.001131018803367872,-1.445892987985112
Wei_adj_cross_sectional_momentum_3M_w_asset_stop,Bull Low Vol,high_corr,False,415,0.016036691978716267,0.029929875775589365,0.5358088385985117,-0.04003964535276705,0.0019060251285593463,-1.9586732463710321
Wei_adj_cross_sectional_momentum_3M_w_asset_stop,Bull Low Vol,high_corr,True,71,0.017190470584680595,0.02283598808673226,0.7527798017493398,-0.008775101735221669,0.0020456921768918484,-0.9612350682794614
Wei_adj_cross_sectional_momentum_3M_w_asset_stop,Bull Low Vol,strong_breadth,False,128,-0.03916433326148694,0.0449318110316703,-0.8716393210565642,-0.04003964535276705,0.006169638568133929,-2.0613882069167118
Wei_adj_cross_sectional_momentum_3M_w_asset_stop,Bull Low Vol,strong_breadth,True,358,0.036767104628789626,0.020419181146399696,1.80061601712527,-0.021434648990307115,0.001614138058152167,1.0228178867384246
